comment_id,comment_author_id,comment_author_name,comment_parent_id,comment_parent_name,comment_score,comment_replies,comment_posted_time,comment_body,post_id,post_title,post_url,post_subreddit
l9b02ea,3zbnpw,eric_goth,0,OP,125,0,1718803601.0,"Secondo un’analisi del Sole 24 ore sulle dichiarazione dei redditi dei tassisti del 2022, il reddito medio è stato di 15.500€ (neanche 1.300€ lordi al mese). Nel sud addirittura scende attorno ai 10.000€.

Che dite facciamo una colletta per permettergli di arrivare a fine mese? /s",1djj36w,Nel 2022 i tassisti hanno dichiarato in media un reddito di 15.500€,https://24plus.ilsole24ore.com/art/taxi-15mila-euro-dichiarati-anche-il-boom-turismo-AG28Rpc,t5_2qkhk
l9b6sox,s6jsq7,MassimoDecioMeridio,0,OP,1,2,1718806211.0,"Non so se sia peggiore una classe di lavoratori che, unita, evade apertamente il fisco o un'amministrazione/governo che permette che tutto ciò accada sotto la luce del sole.",1djj36w,Nel 2022 i tassisti hanno dichiarato in media un reddito di 15.500€,https://24plus.ilsole24ore.com/art/taxi-15mila-euro-dichiarati-anche-il-boom-turismo-AG28Rpc,t5_2qkhk
l9b5168,8fdgizf6,VenetoAstemio,0,OP,1,2,1718805547.0,"Tutta colpa di Red Sox se sono andati nel primo scaglione IRPEF (>15k).

/s ma non troppo.",1djj36w,Nel 2022 i tassisti hanno dichiarato in media un reddito di 15.500€,https://24plus.ilsole24ore.com/art/taxi-15mila-euro-dichiarati-anche-il-boom-turismo-AG28Rpc,t5_2qkhk
l9b6jho,wzryr,terminal_object,0,OP,1,2,1718806114.0,"Il lavoro peggiore del mondo sulla carta dunque, strano che lo difendano con le unghie e con i denti…",1djj36w,Nel 2022 i tassisti hanno dichiarato in media un reddito di 15.500€,https://24plus.ilsole24ore.com/art/taxi-15mila-euro-dichiarati-anche-il-boom-turismo-AG28Rpc,t5_2qkhk
l9b63qo,6idesfe3,Shalashaska87B,0,OP,1,0,1718805951.0,"Poverini. 

Non ricevono abbastanza ~~mazzate~~ soldi.",1djj36w,Nel 2022 i tassisti hanno dichiarato in media un reddito di 15.500€,https://24plus.ilsole24ore.com/art/taxi-15mila-euro-dichiarati-anche-il-boom-turismo-AG28Rpc,t5_2qkhk
l9b7byc,z5v5g,Rais93,0,OP,1,1,1718806410.0,"1300 lordi una persona normale venderebbe l'auto e andrebbe a raccogliere pomodori perchè di fatto porta in giro la gente gratis.

Come diavolo si fa a non dare la caccia a ste serpi? Cosa fa la finanza tutto il giorno?",1djj36w,Nel 2022 i tassisti hanno dichiarato in media un reddito di 15.500€,https://24plus.ilsole24ore.com/art/taxi-15mila-euro-dichiarati-anche-il-boom-turismo-AG28Rpc,t5_2qkhk
l9b7h57,gyf9qb99,Astroruggie,0,OP,1,0,1718806465.0,"Chiaramente, lo Stato deve intervenire per impedire loro di svolgere un lavoro così usurante e mal retribuito, ritirando tutte le licenze",1djj36w,Nel 2022 i tassisti hanno dichiarato in media un reddito di 15.500€,https://24plus.ilsole24ore.com/art/taxi-15mila-euro-dichiarati-anche-il-boom-turismo-AG28Rpc,t5_2qkhk
l9b85lj,blrq1se4,_Nettu,0,OP,1,1,1718806717.0,"È da vicende come queste che ci si rende conto della sproporzione che c'è tra la capacità di controllo che lo stato ha sui lavoratori dipendenti e quelli autonomi.

Se io sbaglio a fare il 730 e prendo 20 euro in più di rimborso Irpef mi arriva la sanzione (giustamente) anche 3 anni dopo, questi dichiarano forse un quinto di quello che guadagnano e nessuno muove un dito.

Boh",1djj36w,Nel 2022 i tassisti hanno dichiarato in media un reddito di 15.500€,https://24plus.ilsole24ore.com/art/taxi-15mila-euro-dichiarati-anche-il-boom-turismo-AG28Rpc,t5_2qkhk
l9b74jq,7oonp,kupfernikel,0,OP,1,0,1718806333.0,"Lavorano per passione, poveri!",1djj36w,Nel 2022 i tassisti hanno dichiarato in media un reddito di 15.500€,https://24plus.ilsole24ore.com/art/taxi-15mila-euro-dichiarati-anche-il-boom-turismo-AG28Rpc,t5_2qkhk
l9b6b68,7ws2kvsc,andrekimi,0,OP,1,0,1718806028.0,Sono tutti in stage per quello,1djj36w,Nel 2022 i tassisti hanno dichiarato in media un reddito di 15.500€,https://24plus.ilsole24ore.com/art/taxi-15mila-euro-dichiarati-anche-il-boom-turismo-AG28Rpc,t5_2qkhk
l9b7n2u,8r400ocb,Ricoz_90,0,OP,1,0,1718806527.0,e per l'ADE e la GdF è tutto normale vero? forse 1300 li fai in un giorno a roma.,1djj36w,Nel 2022 i tassisti hanno dichiarato in media un reddito di 15.500€,https://24plus.ilsole24ore.com/art/taxi-15mila-euro-dichiarati-anche-il-boom-turismo-AG28Rpc,t5_2qkhk
l9bccs3,xjwe4,Dracogame,0,OP,1,0,1718808218.0,"* Atterro a Fiumicino.
* 150 metri di coda per un taxi - per fortuna scorre abbastanza.
* Per regolamentazione del comune, tariffa bloccata da FCO a Stazione 57 Euro, il mio hotel è a 300 metri dalla stazione.

La discussione:

> ""Hai contanti?""    
> ""No?""    
> ""Posso portarti a prelevare? Così ti faccio lo sconto ti faccio meno""     
> ""No ho carta di credito aziendale""    
> ""Totale 80 Euro""     

* Tassametro spento.

Pure simpatico per carità, ma se questo è lo standard. Mi ha preso per il culo pure sul costo. A me interessa poco perché paga l'azienda e non voglio mettermi a litigare con il tassista, però che cazzo. Viaggio ovunque nel mondo, i tassi cari e pessimi come in Italia non li ho trovati da nessuna parte. Pure il mio manager, milionario che lavora per sfizio, resta sconvolto ogni volta che viene.",1djj36w,Nel 2022 i tassisti hanno dichiarato in media un reddito di 15.500€,https://24plus.ilsole24ore.com/art/taxi-15mila-euro-dichiarati-anche-il-boom-turismo-AG28Rpc,t5_2qkhk
l9bb75u,v2zu7ny99,forza4truccato,0,OP,1,0,1718807813.0,"come cazzo fanno a dichiarare solo 15k lo sanno solo loro (evadendo). voglio dire tra poco ti fanno pagare 5€ al chilometro e dicono di fare meno di uno che pulisce i condomini, ma siamo seri dai.",1djj36w,Nel 2022 i tassisti hanno dichiarato in media un reddito di 15.500€,https://24plus.ilsole24ore.com/art/taxi-15mila-euro-dichiarati-anche-il-boom-turismo-AG28Rpc,t5_2qkhk
l9b82t8,8uid5t8x,volpeatuq,0,OP,1,2,1718806689.0,immagina non permettere l’uso di una app che funziona nella maggior parte dei paesi del primo mondo per permettere a una classe privilegiata di lavoratori che evadono le tasse di continuare a farlo,1djj36w,Nel 2022 i tassisti hanno dichiarato in media un reddito di 15.500€,https://24plus.ilsole24ore.com/art/taxi-15mila-euro-dichiarati-anche-il-boom-turismo-AG28Rpc,t5_2qkhk
l9b8ai0,t2yq1,CarpenterBrut,0,OP,1,0,1718806767.0,Disgustosi,1djj36w,Nel 2022 i tassisti hanno dichiarato in media un reddito di 15.500€,https://24plus.ilsole24ore.com/art/taxi-15mila-euro-dichiarati-anche-il-boom-turismo-AG28Rpc,t5_2qkhk
l9b2klo,96qhy90,Yesnononono,0,OP,8,0,1718804604.0,Come i rider!,1djj36w,Nel 2022 i tassisti hanno dichiarato in media un reddito di 15.500€,https://24plus.ilsole24ore.com/art/taxi-15mila-euro-dichiarati-anche-il-boom-turismo-AG28Rpc,t5_2qkhk
l9bc94z,16dlxo,IcatianWarlord,0,OP,1,0,1718808183.0,Solo Red Sox riusciva a fare giusto giusto qualche spicciolo in più...,1djj36w,Nel 2022 i tassisti hanno dichiarato in media un reddito di 15.500€,https://24plus.ilsole24ore.com/art/taxi-15mila-euro-dichiarati-anche-il-boom-turismo-AG28Rpc,t5_2qkhk
l9bdr4t,syb98312i,Da_Commissork,0,OP,1,0,1718808709.0,"Dovrebbe diventare un lavoro statale, così da poter dare una paga sicura a tutti questi poveri lavoratori che con quei soldi non arrivano a fine mese.

Non mi importa se poi lo stato va in perdita, perché probabilmente non ci sono abbastanza persone che usa il servizio per guadagnare così poco, però sapere che dopo avrebbero i loro 1500€ mensili mi renderebbe felice e sarebbe una conquista per tutti gli italiani",1djj36w,Nel 2022 i tassisti hanno dichiarato in media un reddito di 15.500€,https://24plus.ilsole24ore.com/art/taxi-15mila-euro-dichiarati-anche-il-boom-turismo-AG28Rpc,t5_2qkhk
l9bbabr,fery3,NikySP,0,OP,1,2,1718807844.0,"Essendo che i tassisti sono un numero relativamente piccolo (meno di 100 mila in tutta italia), come è possibile che non riesca a fare niente a riguardo? nemmeno a livello politico sembra esserci interesse nel combattere questa cosa, ma non credo che andrebbe contro ad un gran numero di dissensi, anzi.

Questione prettamente mafiosa o mi sto perdendo qualcosa?",1djj36w,Nel 2022 i tassisti hanno dichiarato in media un reddito di 15.500€,https://24plus.ilsole24ore.com/art/taxi-15mila-euro-dichiarati-anche-il-boom-turismo-AG28Rpc,t5_2qkhk
l9bct4v,zbgtnkuu9,Dependent-Comfort759,0,OP,1,0,1718808379.0,Al prossimo taxi che vedo col finestrino socchiuso gli arriva il disco di piscio giuro.,1djj36w,Nel 2022 i tassisti hanno dichiarato in media un reddito di 15.500€,https://24plus.ilsole24ore.com/art/taxi-15mila-euro-dichiarati-anche-il-boom-turismo-AG28Rpc,t5_2qkhk
l9bj4ql,excvk4rt,Aggravating_Review10,0,OP,1,0,1718810558.0,"il problema è che ci sono zero controlli, zero accertamenti, zero voglia di recuperare soldi o quantomeno dare un segnale, loro come i balneari, come gli autonomi in generale. Accetterei di più un discorso del tipo: gli autonomi pagano solo il 10% di tasse, inutile mettere mille tasse se poi ci sono zero controlli reali, se non quelli formali, ai quali hanno imparato bene a essere conformi.",1djj36w,Nel 2022 i tassisti hanno dichiarato in media un reddito di 15.500€,https://24plus.ilsole24ore.com/art/taxi-15mila-euro-dichiarati-anche-il-boom-turismo-AG28Rpc,t5_2qkhk
l9bg883,1uwpe6gx,DingoKis,0,OP,1,0,1718809560.0,"Poverini, con questi stipendi miseri come fanno a mantenere le Mercedes Classe E 300 Station Wagon nuove",1djj36w,Nel 2022 i tassisti hanno dichiarato in media un reddito di 15.500€,https://24plus.ilsole24ore.com/art/taxi-15mila-euro-dichiarati-anche-il-boom-turismo-AG28Rpc,t5_2qkhk
l9bg9d1,7p4vp03c,Miserable-Alfalfa329,0,OP,1,0,1718809571.0,"Che cancro che sono I tassisti.

Branco di evasori al pari di commercianti e balneari.

Spero che prima o poi Uber li lasci tutti senza lavoro.",1djj36w,Nel 2022 i tassisti hanno dichiarato in media un reddito di 15.500€,https://24plus.ilsole24ore.com/art/taxi-15mila-euro-dichiarati-anche-il-boom-turismo-AG28Rpc,t5_2qkhk
l9bhg2a,2a4qgbn,InariWayfinder,0,OP,1,0,1718809980.0,"Allora, una cosa che possiamo fare tutti è utilizzare le app per prenotare e pagare. Io uso Freenow e mi trovo bene. C'e' qualche inconveniente: non c'e' nelle piccole città, a volte c'è un costo di intermediazione di 2.5 euro e quando arrivo in stazione o aeroporto devo trovare un luogo diverso da dove tutti prendono il taxi da indicare per il pick up. Per me i benefici sono superiori, incluso certezza del valore della corsa, pagare direttamente tramite la app (evitando questioni di pos etc.) e ricevute direttamente nella mia inbox.",1djj36w,Nel 2022 i tassisti hanno dichiarato in media un reddito di 15.500€,https://24plus.ilsole24ore.com/art/taxi-15mila-euro-dichiarati-anche-il-boom-turismo-AG28Rpc,t5_2qkhk
l9b7djo,49xeqylo,Kurdt93,0,OP,1,1,1718806427.0,"Ah, l'argomento preferito di ritaly :D",1djj36w,Nel 2022 i tassisti hanno dichiarato in media un reddito di 15.500€,https://24plus.ilsole24ore.com/art/taxi-15mila-euro-dichiarati-anche-il-boom-turismo-AG28Rpc,t5_2qkhk
l9b8p6l,zewii,Febizz,s6jsq7,MassimoDecioMeridio,1,2,1718806914.0,"Non è la classe di lavoratori in sé ma il meccanismo che c'è dietro, quando lavoravo in un CAF di paese, una decina di anni fa, era comune che artigiani/dentisti/liberi professionisti in generale dichiarassero tutti gli stessi redditi, il giusto per pagare il meno possibile tasse e contributi.

Senza nessun controllo i tassisti sono solo una tra le tante categorie a cui è stata data libertà di far quel che vuole.",1djj36w,Nel 2022 i tassisti hanno dichiarato in media un reddito di 15.500€,https://24plus.ilsole24ore.com/art/taxi-15mila-euro-dichiarati-anche-il-boom-turismo-AG28Rpc,t5_2qkhk
l9be1lp,7285voky,blueberrysir,s6jsq7,MassimoDecioMeridio,1,0,1718808809.0,Evade sotto la benedizione delle istituzioni,1djj36w,Nel 2022 i tassisti hanno dichiarato in media un reddito di 15.500€,https://24plus.ilsole24ore.com/art/taxi-15mila-euro-dichiarati-anche-il-boom-turismo-AG28Rpc,t5_2qkhk
l9bbcqt,3weckas2,Linko_98,8fdgizf6,VenetoAstemio,1,4,1718807868.0,"Lui quanto faceva al mese?

Sarei curioso di sapere quanto evadono",1djj36w,Nel 2022 i tassisti hanno dichiarato in media un reddito di 15.500€,https://24plus.ilsole24ore.com/art/taxi-15mila-euro-dichiarati-anche-il-boom-turismo-AG28Rpc,t5_2qkhk
l9binwd,9asvt,Zeikos,8fdgizf6,VenetoAstemio,1,0,1718810400.0,"Ma io mi domando dove li mettono.  

Una volta chi evadeva aveva modo di fare cose sotto banco e attingere a quei soldi.  
Ora che tutto è tracciato, che fare un deposito di contanti oltre una determinata soglia ti mette nel mirino dell'AdE cosa se ne fanno?  

Li mettono sotto il materasso? Vanno in ristorante ogni giorno?  

Con 6000€ netti al mese ne metti la metà in titoli di stato e in 20 anni hai più di quanto avresti avendo evaso.  
Di più se sapessero investirli, ma non li biasimo se decidono di non farlo.  

Oltre ad essere un crimine l'evasione fiscale è un idiozia, non ha senso ""risparmiare"" se poi a tutti gli effetti non li puoi usare.",1djj36w,Nel 2022 i tassisti hanno dichiarato in media un reddito di 15.500€,https://24plus.ilsole24ore.com/art/taxi-15mila-euro-dichiarati-anche-il-boom-turismo-AG28Rpc,t5_2qkhk
l9bfm47,a0nq3hdj,Alendro95,wzryr,terminal_object,1,0,1718809348.0,"senza contare l'investimento iniziale di 100k+€, lavorano tutta la vita per pagarsi i debiti

eppure...",1djj36w,Nel 2022 i tassisti hanno dichiarato in media un reddito di 15.500€,https://24plus.ilsole24ore.com/art/taxi-15mila-euro-dichiarati-anche-il-boom-turismo-AG28Rpc,t5_2qkhk
l9ban5q,10cls7,Madeche,wzryr,terminal_object,1,1,1718807616.0,"Mah, neanche troppo eh... Guidi, e aspetti. Basta. Se facciamo comparazioni con lavori che richiedono scadenze stressanti, responsabilità di fare qualcosa di fatto bene, o roba fisicamente distruttiva; il tassista sta abbastanza bene",1djj36w,Nel 2022 i tassisti hanno dichiarato in media un reddito di 15.500€,https://24plus.ilsole24ore.com/art/taxi-15mila-euro-dichiarati-anche-il-boom-turismo-AG28Rpc,t5_2qkhk
l9bdcjv,11snaz35,DeeoKan,z5v5g,Rais93,1,0,1718808568.0,"Che gratis, ci vai in perdita. Al primo danno butteresti sei mesi di margini.",1djj36w,Nel 2022 i tassisti hanno dichiarato in media un reddito di 15.500€,https://24plus.ilsole24ore.com/art/taxi-15mila-euro-dichiarati-anche-il-boom-turismo-AG28Rpc,t5_2qkhk
l9bd8um,4ntguay1,tabiva,blrq1se4,_Nettu,1,1,1718808532.0,">È da vicende come queste che ci si rende conto della sproporzione che c'è tra la ~~capacità~~ **volontà** di controllo che lo stato ha sui lavoratori dipendenti e quelli autonomi.

  
FTFY",1djj36w,Nel 2022 i tassisti hanno dichiarato in media un reddito di 15.500€,https://24plus.ilsole24ore.com/art/taxi-15mila-euro-dichiarati-anche-il-boom-turismo-AG28Rpc,t5_2qkhk
l9babr7,2s10s,bonzinip,8uid5t8x,volpeatuq,1,2,1718807504.0,"A dire il vero Uber in quasi tutti i paesi dell'UE accetta come guidatori solo chi ha già la licenza (anche per UberX dove c'è).

Quindi, se in Italia ci fosse UberX, lo userebbero i tassisti con licenza e potrebbero continuare a evadere.",1djj36w,Nel 2022 i tassisti hanno dichiarato in media un reddito di 15.500€,https://24plus.ilsole24ore.com/art/taxi-15mila-euro-dichiarati-anche-il-boom-turismo-AG28Rpc,t5_2qkhk
l9bb0m9,x7gpl,Eowren,8uid5t8x,volpeatuq,1,0,1718807749.0,"This non che ci voglia molto per fare pagare le tasse , fai tutto su una app e non possono non dichiarare. Sono stato a malta e con Uber/ Bolt era un piacere prendere un taxi, senza che ti spennano tra l'altro",1djj36w,Nel 2022 i tassisti hanno dichiarato in media un reddito di 15.500€,https://24plus.ilsole24ore.com/art/taxi-15mila-euro-dichiarati-anche-il-boom-turismo-AG28Rpc,t5_2qkhk
l9bdaic,in7ce,airbus_a320,fery3,NikySP,1,1,1718808548.0,"Perché quei poveretti che governano, se fanno qualcosa contro i tassisti questi scioperano bloccando tutta la viabilità attorno ai palazzi di governo e loro, poveretti, devono arrivare a piedi alla fermata della metro!",1djj36w,Nel 2022 i tassisti hanno dichiarato in media un reddito di 15.500€,https://24plus.ilsole24ore.com/art/taxi-15mila-euro-dichiarati-anche-il-boom-turismo-AG28Rpc,t5_2qkhk
l9bga7m,a0nq3hdj,Alendro95,fery3,NikySP,1,0,1718809579.0,"si vede che i tassisti di Roma sanno come ricattare, spostano i politici a destra e a manca per la capitale e sanno cosa succede in quei quartieri",1djj36w,Nel 2022 i tassisti hanno dichiarato in media un reddito di 15.500€,https://24plus.ilsole24ore.com/art/taxi-15mila-euro-dichiarati-anche-il-boom-turismo-AG28Rpc,t5_2qkhk
l9bcs4f,d29ff30s,ForgotThePassword001,49xeqylo,Kurdt93,1,0,1718808370.0,"serve un nemico comune per essere una società 

almeno su reddit sono gli evasori e non gli immigrati",1djj36w,Nel 2022 i tassisti hanno dichiarato in media un reddito di 15.500€,https://24plus.ilsole24ore.com/art/taxi-15mila-euro-dichiarati-anche-il-boom-turismo-AG28Rpc,t5_2qkhk
l9bejmu,3zbnpw,eric_goth,zewii,Febizz,1,0,1718808980.0,"Assolutamente d'accordo.

Va però detto che i tassisti ci mettono del loro per rendersi ancora più ""antipatici"" delle categorie sopra citate. Bloccano qualunque MINIMO tentativo di riforma del settore, e anche solo aggiungere qualche licenza in città dove è evidente come il numero dei tassisti sia troppo basso (nelle grandi città è diventato praticamente impossibile prendere un taxy se non aspettando ore) è impossibile.

Inoltre, almeno qui dalle mie parti (emilia romagna), l'impressione è che con il passare degli anni il nero stia diminuendo mediamente su molte categorie professionali (ma è solo una impressione personale). Mentre 20 anni fa era praticamente impossibile farsi fare una fattura, oggi quando ho avuto a che fare con diverse categorie di artigiani nella maggior parte delle occasioni mi è stato proposto il pagamento ""in chiaro"" (magari perchè c'erano detrazioni collegate, o lavori aziendali o simili, certamente).

Non sto assolutamente dicendo che il nero non ci sia più, sia chiaro, ma la MIA impressione è che negli ultimi 20 anni la situazione sia sensibilmente migliorata.

Invece con i Taxy spesso è ancora impossibile pagare col POS, o devi litigarci prima e alla fine cercano di farti spendere di più del dovuto (che è già tanto!).",1djj36w,Nel 2022 i tassisti hanno dichiarato in media un reddito di 15.500€,https://24plus.ilsole24ore.com/art/taxi-15mila-euro-dichiarati-anche-il-boom-turismo-AG28Rpc,t5_2qkhk
l9ba2f8,s6jsq7,MassimoDecioMeridio,zewii,Febizz,1,0,1718807409.0,100% daccordo con la tua ultima frase.,1djj36w,Nel 2022 i tassisti hanno dichiarato in media un reddito di 15.500€,https://24plus.ilsole24ore.com/art/taxi-15mila-euro-dichiarati-anche-il-boom-turismo-AG28Rpc,t5_2qkhk
l9bcw2a,xjwe4,Dracogame,3weckas2,Linko_98,1,0,1718808407.0,"La percentuale evasa è enorme, se non sbaglio Red Sox arrivava anche a 600 euro al GIORNO.

I tassisti in Italia guadagnano come un dirigente aziendale facendo un lavoro da immigrato.",1djj36w,Nel 2022 i tassisti hanno dichiarato in media un reddito di 15.500€,https://24plus.ilsole24ore.com/art/taxi-15mila-euro-dichiarati-anche-il-boom-turismo-AG28Rpc,t5_2qkhk
l9bc9q0,8fdgizf6,VenetoAstemio,3weckas2,Linko_98,1,1,1718808188.0,[Lui dichiarava un ricavo di 4/500€ al giorno. Metti che lavorasse 20 giorni al mese sono già 8/10k.](https://gazzettadibologna.it/primo-piano/il-tassista-red-sox-escluso-dalla-cooperativa-radiotaxi-cotabo-ecco-perche/),1djj36w,Nel 2022 i tassisti hanno dichiarato in media un reddito di 15.500€,https://24plus.ilsole24ore.com/art/taxi-15mila-euro-dichiarati-anche-il-boom-turismo-AG28Rpc,t5_2qkhk
l9bdqs3,ldnh7,cptatsu,3weckas2,Linko_98,1,0,1718808705.0,"Non era costante in quanto alcuni mesi lavorava meno di 15 giorni mentre altri arrivava fino a 23.
Di base andava dai 380 ai 600€ lordi al giorno, variando quindi tra i 7k e gli 11k mensili lordi.


Edit: [fonte ](https://x.com/RobertoRedSox/status/1697656579598754206)",1djj36w,Nel 2022 i tassisti hanno dichiarato in media un reddito di 15.500€,https://24plus.ilsole24ore.com/art/taxi-15mila-euro-dichiarati-anche-il-boom-turismo-AG28Rpc,t5_2qkhk
l9bcg92,vh1i3b9w,Striking-Bend7196,3weckas2,Linko_98,1,0,1718808253.0,Circa 500 al giorno,1djj36w,Nel 2022 i tassisti hanno dichiarato in media un reddito di 15.500€,https://24plus.ilsole24ore.com/art/taxi-15mila-euro-dichiarati-anche-il-boom-turismo-AG28Rpc,t5_2qkhk
l9baqsj,e101o,Fondaz,10cls7,Madeche,1,1,1718807653.0,Penso intenda lato reddito visto che la media è 15k,1djj36w,Nel 2022 i tassisti hanno dichiarato in media un reddito di 15.500€,https://24plus.ilsole24ore.com/art/taxi-15mila-euro-dichiarati-anche-il-boom-turismo-AG28Rpc,t5_2qkhk
l9biwrl,blrq1se4,_Nettu,4ntguay1,tabiva,1,0,1718810483.0,Grazie,1djj36w,Nel 2022 i tassisti hanno dichiarato in media un reddito di 15.500€,https://24plus.ilsole24ore.com/art/taxi-15mila-euro-dichiarati-anche-il-boom-turismo-AG28Rpc,t5_2qkhk
l9bcn6w,d29ff30s,ForgotThePassword001,2s10s,bonzinip,1,1,1718808320.0,Non paghi direttamente dall'app?,1djj36w,Nel 2022 i tassisti hanno dichiarato in media un reddito di 15.500€,https://24plus.ilsole24ore.com/art/taxi-15mila-euro-dichiarati-anche-il-boom-turismo-AG28Rpc,t5_2qkhk
l9bcme0,oa1oa,StroopWafelsLord,2s10s,bonzinip,1,1,1718808313.0,"Secondo me la demografica che userebbe UberX è un po diversa, e userebbe più carta.",1djj36w,Nel 2022 i tassisti hanno dichiarato in media un reddito di 15.500€,https://24plus.ilsole24ore.com/art/taxi-15mila-euro-dichiarati-anche-il-boom-turismo-AG28Rpc,t5_2qkhk
l9bfqoh,vdk7a,geebeem92,in7ce,airbus_a320,1,0,1718809393.0,Non ironicamente this,1djj36w,Nel 2022 i tassisti hanno dichiarato in media un reddito di 15.500€,https://24plus.ilsole24ore.com/art/taxi-15mila-euro-dichiarati-anche-il-boom-turismo-AG28Rpc,t5_2qkhk
l9bfhe2,vcn3y540,Ilgiovineitaliano,8fdgizf6,VenetoAstemio,1,0,1718809303.0,"i 500€ erano MINIMI. 

Nemmeno lui parlava di massimi, non sono importanti nei grandi numeri è importante che non scendesse mai sotto quella cifra, tra l'altro nel periodo che pubblicava le spese il minimo che gli ho visto fare è stato 475€ 

Poi che un paio di giorni avesse 1000-1300€ è unaltro discorso ma appunto se dichiari meno di, toh, 250-350 al giorno, numeri plausibili nelle città meno turistiche, dovrebbe scattare l'allarme. Qui parliamo di 250 a settimana...",1djj36w,Nel 2022 i tassisti hanno dichiarato in media un reddito di 15.500€,https://24plus.ilsole24ore.com/art/taxi-15mila-euro-dichiarati-anche-il-boom-turismo-AG28Rpc,t5_2qkhk
l9bca8u,10cls7,Madeche,e101o,Fondaz,1,0,1718808194.0,"Aah lol scemo io, non avevo capito. Allora sì",1djj36w,Nel 2022 i tassisti hanno dichiarato in media un reddito di 15.500€,https://24plus.ilsole24ore.com/art/taxi-15mila-euro-dichiarati-anche-il-boom-turismo-AG28Rpc,t5_2qkhk
l9bdnux,2s10s,bonzinip,d29ff30s,ForgotThePassword001,1,1,1718808677.0,"Tu paghi dall'app ma, per quanto riguarda le tasse pagate dal tassista, è esattamente come se ora pagassi un taxi con carta di credito.",1djj36w,Nel 2022 i tassisti hanno dichiarato in media un reddito di 15.500€,https://24plus.ilsole24ore.com/art/taxi-15mila-euro-dichiarati-anche-il-boom-turismo-AG28Rpc,t5_2qkhk
l9bdv65,2s10s,bonzinip,oa1oa,StroopWafelsLord,1,0,1718808748.0,"Chi usa o meno i taxi dipende da quanto costano, non da come li chiami.",1djj36w,Nel 2022 i tassisti hanno dichiarato in media un reddito di 15.500€,https://24plus.ilsole24ore.com/art/taxi-15mila-euro-dichiarati-anche-il-boom-turismo-AG28Rpc,t5_2qkhk
l9bfxak,a0nq3hdj,Alendro95,2s10s,bonzinip,1,0,1718809456.0,"però passando tramite Uber non potrebbero fare finti scontrini, visto che la piattaforma tiene traccia.

non la vogliono perchè li toglierebbe una bella fetta di evasione",1djj36w,Nel 2022 i tassisti hanno dichiarato in media un reddito di 15.500€,https://24plus.ilsole24ore.com/art/taxi-15mila-euro-dichiarati-anche-il-boom-turismo-AG28Rpc,t5_2qkhk
