comment_id,post_id,debate_group,comment_user_name,commented_user_name,comment_body,comment_score
k7e1uo7,17lese9,4,w92vh750,gm0sbuybu,"Allora, i paesi che hanno votato contro sono solo 14, e l'UE ha votato per la maggior parte astenendosi con una manciata di paesi che han votato positivo e una manciata contro (Austria, Ungheria e forse un terzo che mi sfugge).

Diciamo che il rapporto USA-Israele √® un pochino pi√π stretto che quello tra Israele e i paesi Europei anche se non di molto come stiamo vedendo. Israele √® di gran lunga il maggiore beneficiario di aiuti economici Americano dalla fine della seconda guerra mondiale, con le armi componente fondamentale di questi ultimi. Israele √® inoltre il centro nevralgico tramite cui organizzare gli interessi americani in Medio Oriente (Biden, davanti al congresso Americano disse a fine anni ottanta: ""se non ci fosse Israele a fare gli interessi Americani in Medio Oriente dovremmo inventarlo noi). Israele √® anche abbastanza lontano dai riflettori da poter fare del lavoro sporco per conto Americano senza destare troppe polemiche (ad esempio Israele support√≤ l'Apartheid in Sud Africa ancora per molto dopo che per gli Stati Uniti era diventata una questione scottante). 
Non a caso dalla politica Americana non √® arrivato, almeno a livello strettamente ufficiale e governativo, nemmeno nessun appello alla ""pausa umanitaria"" a cui hanno accennato alcuni capi di governo europei, ali Stati Uniti semplicemente non interessa la fine delle ostilit√† in Palestina e Israele.
Per quanto riguarda l'Europa, non si √® a livello cos√¨ esagitati di supporto incondizionato, √® abbastanza incondizionato da non prendere posizioni forti contro ma non tanto da incoraggiarlo ad andare avanti. Per Germania e Italia in particolare tra l'altro penso il senso di colpa per la Shoah, o meglio la strumentalizzazione del senso di colpa sia una grossa forza in ballo.",0
k7dux9e,17lese9,4,w92vh750,gm0sbuybu,"Aspetta non capisco esattamente cosa ti stai chiedendo allora. Perch√© l' Italia si √® astenuta? I paesi che si sono astenuti o hanno votato contro sono quasi tutti europei o ""occidentali"". Si sono astenuti anche Germania, Svezia, Finlandia, Canada, Paesi Bassi e 45 paesi in totale, 14 hanno votato contro inclusi gli USA, il paese che sta compiendo il genocidio in questione,Ungheria e molti paesi Oceaniano tipo Figi e Papua Nuova Guinea (su questo blocco di paesi Oceani che han votato contro mi sto interrogando da quando ho visto il voto e mi piacerebbe capire come mai si sono mossi in modo cos√¨ unitario). Il punto √® che √® una cosa che non si limita all' Italia, s√¨ puoi dire che abbiano un governo di estrema destra razzista, violento e seminatore d'odio, puoi notare che la stampa generalista  italiana e i media televisivi mai sono stati un pozzo senza fondo di marciume come nell'ultimo mese ma  lo sguardo va allargato. √à l'intero rapporto Israele-Occidente-Medio Oriente da tutte le varie angolazioni che ti vengono il mente in cui devi ricercare i motivi.

Io una risposta definitiva non te la so dare e non voglio assegnare a nessuno una lista di libri da leggere anche perch√© non serve leggete chili di teoria postcoloniale per essere nauseati dall' uso di un attacco terroristico come punto di partenza per uno sterminio incondizionato in uno dei luoghi pi√π densamente popolati del pianeta, anch'io sono confuso, smarrito, incazzato come una iena e non mi sono mai vergognato di essere italiano quanto nell' ultimo mese. Ti posso solo dire che quando affermi che certo paesi hanno ""chiaramente"" votato per l'appello congiunto al cessate il fuoco, quel ""chiaramente"" purtroppo non √® cos√¨ scontato.",15
k7dvidh,17lese9,4,w92vh750,a3b9259a9,"L'astensione dell' India non √® stata affatto inaspettata,del  Giappone e della Corea del Sud idem.",7
k7j7qn3,17lese9,4,mnh8mw956,2hh6c6c5,E per difenderci apriremo il fuoco nella prima moschea a caso.,1
k7hdejy,17lese9,4,1ap3crnl,f9gdd,"OP paventava una soluzione politica. 

Il primo partito politico di Gaza se ne sbatte il cazzo dei morti e vuole solo l'eliminazione di qualsiasi israeliano.

La soluzione politica ad oggi non esiste e non √® neanche lontanamente all'orizzonte con l'attuale situazione politica in Israele.",2
k7dw04e,17lese9,4,6ru8td1yj,gm0sbuybu,"Non ci sono alternative, a loro andava bene cos√¨ perch√© l'obiettivo comune era, √® e sempre sar√† l'annientmento degli ebrei dalla faccia della terra.

Nota. Fanno schifo entrambi e nessuno √® difendibile. Non c'√® nessun vincitore",19
k7duhvx,17lese9,4,6ru8td1yj,gm0sbuybu,"I palestinesi hanno """" """" ""votato"" """" "" hamas. Che come ringraziamento ha fucilato e ucciso tutti gli opponenti di governo non abbastanza estremisti. Non sono difendibili granch√©.",33
k7ds7ys,17lese9,4,vg5lmex4,gm0sbuybu,"La Jugoslavia per√≤ era nemica della NATO. Il mainstream si prodiga in favore degli oppressi solo quando non sono gli stati ~~sottoposti~~ alleati agli USA ad opprimere. 

Quando un paese non-Nato fa qualcosa lo veniamo subito a sapere. Quando Israele commette un genocidio abbiamo i giornalisti e i politici che dicono ""poveri israeliani""",-5
k7hgjhp,17lese9,4,vg5lmex4,95tgl8g16,"""Il fetish della vittima""

Strano modo di dire ""empatia"" ma ok",1
k7dw2e1,17lese9,4,gm0sbuybu,w92vh750,"Sono d‚Äôaccordissimo con te e trovo il tuo commento molto intelligente e logico. L‚Äôunica cosa che mi chiedo √® perch√© l‚ÄôItalia allora, essendo una colonia americana, non abbia votato contro ma si sia astenuta, scelta che reputo vergognosa",-13
k7drw8c,17lese9,4,gm0sbuybu,w92vh750,"Ed √® proprio l√¨ che voglio arrivare. Come dici bene, qualche settimana fa c‚Äô√® stata l‚Äôassemblea generale delle UN: l‚ÄôItalia si √® astenuta dal voto, al contrario di paesi come Francia e Spagna che, chiaramente, hanno votato per l‚Äôinterruzione del conflitto. √à possibile che contiamo cos√¨ poco? Che abbiamo cos√¨ poca influenza? Che non siamo in grado di schierarci? Che tristezza",0
k7dyoyy,17lese9,4,gm0sbuybu,1ap3crnl,"Io infatti non difendo Hamas. Immagino che i palestinesi non abbiano purtroppo altra scelta, e che piuttosto di essere invisibili anche a se stessi, abbiano deciso di assecondarli, con tutte le conseguenze del caso.",21
k7dxf04,17lese9,4,gm0sbuybu,6ru8td1yj,"Su questo non sono d‚Äôaccordo. Non si pu√≤ generalizzare la visione politica a quella sociale, sono due cose diverse e soprattutto in questo caso non collimano l‚Äôuna con l‚Äôaltra. Posso dire che Israele ha un presidente che non rappresenta le persone israeliano, ma solo i suoi meri interessi. √à un estremista di destra, corrotto e meschino. Non rappresenta la storia di Israele e tantomeno la storia degli ebrei. In quanto vittime in primis della discriminazione e della segregazione durante tutta la storia, dovrebbero quantomeno evitare politiche di un certo tipo. La guerra c‚Äô√® sempre stata, si, ma si √® ingigantita dopo l‚Äôelezione di Netanyahu, che ha ridotto a carta straccia gli accordi presi e lui si, questa volta, ha proseguito una politica personale di annientamento etnico.",4
k7durxs,17lese9,4,gm0sbuybu,6ru8td1yj,"Hai ragione ma che alternativa avrebbero? Continuare ad essere invisibili? Senza Stato? Senza economia? Senza esercito? Senza diritti? A volte non si ha il privilegio di scegliere, si ha solo l‚Äôobbligo di accettare",-5
k7ds9s3,17lese9,4,gm0sbuybu,6ru8td1yj,"Purtroppo dietro Hamas c‚Äô√® tanta disinformazione e propaganda. Io non mi esprimo perch√© non ne ho le conoscenze, ma credo che i palestinesi, che non hanno un governo, ne uno stato, ne un esercito regolare, vedano in Hamas, pur con tutti i suoi difetti, l‚Äôunica strada per far valere i propri diritti.",-20
k7dqav1,17lese9,4,gm0sbuybu,vg5lmex4,"√à proprio questo che intendo. Soprattutto a livello artistico, che a livello mediatico √® inarrestabile. Durante la guerra di Jugoslavia gli U2 fecero un lavoro magistrale a Miss Sarajevo, complice Pavarotti. Per quella del Vietnam John Lennon. Oggi vedo molta indifferenza e connivenza",6
k7enhaz,17lese9,4,gm0sbuybu,165ib1,"No. Semplicemente se hai 40 anni non rappresenti il futuro della tua nazione. Se ammazzi i bambini, ammazzi il Paese ed il suo futuro.",3
k7eyjqc,17lese9,4,gm0sbuybu,m5pimmtcx,"Nulla, ecco perch√© c‚Äô√® la necessit√† di aprire dei corridoi umanitari e trarre in salvo perlomeno bambini ed anziani. Fino ad ora non ce ne sono stati.",-2
k7ew3ld,17lese9,4,gm0sbuybu,m5pimmtcx,"Purtroppo non √® cos√¨ semplice, perch√© come qualcuno ha gi√† detto, purtroppo la popolazione civile, come in ogni guerra, viene usata come scudo umano. Chiaramente questo dovrebbe spingere dopppiamente ad interrompere il conflitto dal momento che il 43% della popolaIone ha meno di 14 anni",5
k7ery6c,17lese9,4,gm0sbuybu,m5pimmtcx,"Hai ragione, ma qual √® l‚Äôalternativa?",3
k7dza0r,17lese9,4,gm0sbuybu,y77ns,"I numeri sono pi√π che ragionevoli, se non sottostimati: il 43% della popolazione √® u14.",3
k7hli7a,17lese9,4,gm0sbuybu,2hh6c6c5,Hentaiexpert non a caso‚Ä¶ dedicati ad altro che qui non ci azzecchi,1
k7eqj9u,17lese9,4,gm0sbuybu,5z1g7qla,"Io qui non leggo Hamas, evidentemente √® una tua deduzione, anche lecita, ma rimane una deduzione. I dati sono questi e non possiamo discutere del nulla.",-2
k7eq3bq,17lese9,4,gm0sbuybu,5z1g7qla,"Purtroppo stiamo discutendo dell‚Äôovvio. Non sono dati di Hamas, sono dati dell‚Äôunicef dati per certi. Se ci vuoi credere bene, altrimenti, come ho gi√† scritto, diciamo che non √® morto nessuno cos√¨ sei contento.",-4
k7eo92a,17lese9,4,gm0sbuybu,5z1g7qla,Se vuoi puoi andare di persona per accertarti che i bambini morti contati siano esatti. Buona fortuna!,-4
k7flxex,17lese9,4,gm0sbuybu,6gxlhpnht,Non ti rispondo ulteriormente perch√© stai portando il dibattito ad un livello di demenza penoso,-1
k7eetuy,17lese9,4,gm0sbuybu,6gxlhpnht,A questo punto mi dispiace ma hai qualche deficit. Non √® morto nessuno: contento?,0
k7e41z7,17lese9,4,gm0sbuybu,6gxlhpnht,"I conti sono molto semplici e mi trovo in imbarazzo nel doverli anche spiegare. La popolazione della striscia di Gaza √® di circa 5.5 milioni di persone (in un territorio di 360 km quadrati, meno di Venezia, nella quale vivono 250.000 persone). Sapendo che  il 43% della popolazione palestinese √® u14 (bambini), risulta che ci sono 2.5 milioni di bambini esposti a morte certa. Considerato che non esistono corridoi umanitari, almeno al momento, direi che stimare in 4000 i bambini morti durante 3 settimane di bombardamenti a tappeto giornaliero, sia ragionevole. Adesso sei convinto?",-3
k7e1dp0,17lese9,4,gm0sbuybu,6gxlhpnht,"In base a quello che sta accadendo da ormai 3 settimane. Se fai due conti capirai che √® un numero pi√π che realistico. Ma tralasciando questo stiamo parlando di dati ufficiali, che lo vogliate credere o meno",3
k7hhxlx,17lese9,4,grc419xrh,95tgl8g16,"sisi hai detto bene, arabi musulmani e arabi cristiani, ma non tutti supportano israele (soprattutto gli arabi anche perch√® non sono obbligati a fare la leva al contrario dei drusi)",1
k7hdj3l,17lese9,4,mrno2,w92vh750,nessuno ha chiesto un cessate il fuoco quando Hamas ha ucciso 1400 israeliani e ne ha rapiti 250 a Gaza 3 settimane fa. Colombia e Cile stanno seguendo le politiche russa e iraniana e non sono un esempio di nulla. l‚ÄôONU ha appena nominato l‚ÄôIran come rappresentante della console per i diritti umani. fai le tue ricerche invece di dire sciocchezze.,0
k7ezt07,17lese9,4,m5pimmtcx,gm0sbuybu,"Non li fa aprire Hamas, purtroppo. Proprio per questo dicevo che questa √® l'occasione dei Palestinesi per liberarsene una volta per tutte.",8
k7eweva,17lese9,4,m5pimmtcx,gm0sbuybu,"Bro so 70 anni che vanno avanti a cessate il fuoco, che cazzo hanno risolto?",10
k7etowd,17lese9,4,m5pimmtcx,gm0sbuybu,"Consegnare Hamas, visto che mo IDF gli da la caccia ed √® a Gaza. Se veramente te ne vuoi liberare fai ""l'infame"" (pi√π che lecito in sto caso, altro che) e lasci che vengano ammazzati tutti da IDF.",18
k7er39p,17lese9,4,m5pimmtcx,gm0sbuybu,"Beh non sembra che funzioni per√≤. Ho letto un AmA di un ragazzo Palestinese che diceva che Hamas ha addirittura CHIUSO i bunker/tunnel civili per lasciare solo quelli militari.
Chi ha bisogno di nemici quando hai amici del genere?",24
k7hu97r,17lese9,4,m5pimmtcx,c8h1u8b4c,Te l'ha detto la pubblicit√† della Beretta? üòÑ,1
k7hti48,17lese9,4,m5pimmtcx,c8h1u8b4c,"Una pistola carichissima guarda, un AK 47 proprio.",1
k7ehlic,17lese9,4,bhkjed3g,w92vh750,"La Bolivia ogni tot anni chiude i rapporti con Israele. Dal 2009 √® la terza volta, e la loro rilevanza diplomatica √® a livello di Colombia e Cile cio√® vicino allo zero (al contrario di paesi come Egitto o Turchia, pi√π rilevanti all‚Äôinterno del conflitto, dove la missione diplomatica prosegue senza problemi bench√© i proclami dicano altro)",36
k7h77rf,17lese9,4,p5dk8,w92vh750,">Sintonizzati su in telegiornale italiano e dimmi quante e quali informazioni ti arrivano, √® tutta l√¨ la questione.

Ma vuoi mettere con lo scherzo telefonico alla Meloni?",1
k7fxq7j,17lese9,0,7z6tva8gb,5wpu7hgx,">Non mi risulta che i Beatles fermassero le guerre.

Per√≤ hanno fermato una legge particolarmente da dementi semplicemente facendosi un cannone a Buckingham palace",8
k7hbmo7,17lese9,4,f9gdd,1ap3crnl,"Oh, e s√¨ che nel titolo del post ci sta pure scritto, 4000 bambini morti, bombardamenti a tappeto. Se tu sei rimasto indietro e hai ancora bisogno di sentire una sonora condanna ad Hamas prima di menziona la Palestina, evita direttamente di commentare.",1
k7f59g1,17lese9,4,2j9s01ym,1ap3crnl,"Ma difatti sti subumani che scrivono freepalestine non capiscono proprio un cazzo. Uagliu, √® una guerra tra mafie. Sveglia!",-6
k7h0lnw,17lese9,4,c10dwzjy,1ap3crnl,Quindi sei d'accordo che questi 20e rotti giorni di bombardamenti sono serviti solo ad uccidere civili innocenti e distruggere le poche infrastrutture palestinesi!?,1
k7f7uve,17lese9,4,15lon4,6ru8td1yj,"Razzi fatti, tra l'altro, con le tubature di un sistema idrico finanziato dalla comunit√† europea, poi per√≤ √® Israele che blocca l'acqua.

Per carit√†, il governo nazionalista israeliano per me deve finire tutto sotto processo internazionale per crimini di guerra, ma dall'altra parte sono anche peggio.",11
k7jtuvm,17lese9,4,1bna1ow0,4gc0lfrr,"Si mi √® chiaro, sei stupido lol. Buona serata",1
k7jpaiq,17lese9,4,1bna1ow0,4gc0lfrr,"E certo se non abbiamo alternative qua su reddit allora non sono criticabili. Meglio se smetto di risponderti tanto √® chiaro che pretendi di avere ragione e basta, bastava concludere con un ""la pensiamo diversamente"" invece me vuoi pure costringere a darti ragione.",1
k7j2zc3,17lese9,4,1bna1ow0,4gc0lfrr,"Lo sai perch√© continuo a darti contro? Perch√© tu nel tuo dire che √® Hamas che √® responsabile degli scudi umani(e grazie sono loro che si stanno nascondendo) stai anche sotto intendendo che per te Israele non √® responsabile della morte dei civili. Io su questo ti sto contraddicendo, puoi dire tranquillamente che Hamas so teste di cazzo che meritano di morire ma non per questo Israele se ne pu√≤ lavare completamente le mani e dire che non ha responsabilit√† della morte dei civili perch√© √® Hamas che li usa come scudi.",1
k7j1fyf,17lese9,4,1bna1ow0,4gc0lfrr,"Sei te che non accetti che i tuoi esempi non abbiano alcun tipo di logica. La responsabilit√† √® sempre di chi preme il grilletto, fine. Poi te puoi inventarti nella tua testa quello che ti pare, sentirti di aver vinto una discussione con uno sconosciuto su reddit, nella realt√† rimarrai solo uno incapace di vedere la realt√† dei fatti.",1
k7j0bkl,17lese9,4,1bna1ow0,4gc0lfrr,"Cosa non ti √® chiaro che non sono d'accordo sul fatto che uccidere civili sua giustificato se nel mentre uccidi Hamas? Nemmeno come ultima opzione sono d'accordo. Se tu inventi logiche del cazzo e le racconti male non te la prendere se uno te lo fa notare, altro che trucchi.",1
k7iw5lz,17lese9,4,1bna1ow0,4gc0lfrr,"No, questa √® una tua logica(e tra l'altro: se il rapitore non avesse preso nessun ostaggio non sarebbe... un rapitore, quindi perch√© la polizia dovrebbe volerlo uccidere?), la responsabilit√† √® di chi sgancia la bomba non di chi detiene l'ostaggio, ognuno deve prendersi le proprie responsabilit√†. Se tu decidi che uccidere il rapitore √® pi√π importante che salvare gli ostaggi so affari tua e della tua coscienza, tentare di convincere il mondo che hai fatto la cosa giusta e che non hai colpe beh... se permetti √® da pezzi di merda.",1
k7hujds,17lese9,4,1bna1ow0,4gc0lfrr,"L'esempio non calza. Non √® chi tiene in ostaggio che uccide in questo caso ma chi dovrebbe salvare/risparmiare gli ostaggi, in pratica un rapitore chiede soldi per liberare tua madre e la polizia sgancia una bomba sul rapitore uccidendo pure tua madre, lo riterresti giusto?",1
k7i6fjc,17lese9,4,1bna1ow0,xyis1t4,"E allora il tutto si riduce all'essere d'accordo o meno sul ""il fine giustifica i mezzi"". Io personalmente non sono d'accordo ma capisco che sono punti di vista.",1
k7j0xhj,17lese9,0,kslkbp3d,hnrnxqgk,Finalmente un commento senza giri di parole inutili,1
k7epi34,17lese9,4,qbbg9,6gxlhpnht,.... Bhmuahahahah,-4
k7egxly,17lese9,4,qbbg9,6gxlhpnht,"- Sono dati dell'Unicef
- Lo devi dimostrare

Tu amico sei un cretino patentato per cui vale la pena beccarsi un richiamo",-5
k7hfxp3,17lese9,4,95tgl8g16,mo3d8clk1,"Infatti, si sono stufati di prendere mazzate dai Vietcong, mica per i figli dei fiori",1
k7hh2f7,17lese9,4,95tgl8g16,vg5lmex4,"Pur di stare dalla parte degli oppressi vi fate andar bene pure Hamas. Quelli che ""supportano"" la Palestina li rispetto (anche se non serve a niente, ma √© la mia opinione). Ma se per farlo dovete fare l'apologia di un gruppo razzista omofobo e tutte le cose brutte che vi fanno paura allora diventa una pagliacciata.",0
k7hggx6,17lese9,4,95tgl8g16,vg5lmex4,"√â sempre divertente quando l'estrema sinistra √© cos√≠ empatica e buona da affezionarsi anche agli estremisti islamici. √â pi√∫ forte di voi, avete il fetish della vittima e fate diventare ""buono"" chiunque, anche il pi√∫ figlio di mignotta.",0
k7hj8ps,17lese9,4,95tgl8g16,grc419xrh,Grazie per il chiarimento!,2
k7hg6vq,17lese9,4,95tgl8g16,grc419xrh,"Drusi, beduini, ecc.. ci sono anche ""arabi"" (se sbaglio perdonatemi) che supportano Israele per varie ragioni",2
k7g6s1h,17lese9,4,4gc0lfrr,gm0sbuybu,">In che modo Israele √® responsabile di un civile usato come scudo umano? La responsabilit√† √® chiaramente di chi lo tiene in ostaggio. Se io punto una pistola alla testa di tua madre se non mi dai 1 milione di euri, la colpa √® tua se le sparo perch√® non mi hai dato i soldi?  
>  
>Poi ovviamente risponderai che 20000 anni prima Israle ha fatto questo e quello e che √® tutta colpa loro dal principio, anche dando per valida questa posizione: in funzione di quello che √® successo il 7, che cosa pretendi che Israele faccia ora se non esattamente quello che sta facendo?  
>  
>Ovvio che toglie luce e acqua che tanto verrebbero requisiti da hamas. Ovvio che non fa entrare viveri o scorte mediche, che tanto verrebbero requisite da hamas. Anche volendo appioppare tutte le colpe del mondo ad Israele, quello che sta facendo attualmente √® l'unica scelta possibile, quindi non criticabile.",2
k7jtobj,17lese9,4,4gc0lfrr,1bna1ow0,"Se tu non sai dare alternative √® ovvio che **tu** non puoi criticare qualcuno nel fare qualcosa di diverso.

Te lo riscrivo che magari ti entra meglio in testa:

Sei **tu** che non sei in grado di dare alternative eppure continui a criticare le loro azioni.

Che ci siano alternative possibili non √® importante ai tuoi occhi. perch√® tu non sapresti che alternative intraprendere, e se non avessi opinioni al riguardo sarebbe comprensibile tacere, eppure tu continui a criticare una parte senza sapere che altro potrebbe fare. Poi magari qualcuno viene fuori con una valida alternativa che ti convince e in quel caso avresti tutto il diritto di muovere critiche, ma non √® quello che stai facendo.

E' chiaro ora?",1
k7jobeg,17lese9,4,4gc0lfrr,1bna1ow0,"E quindi cosa pretendi che Israele faccia?

Se non hai alternative allora devi ammettere che non sia criticabile.",1
k7j2i0c,17lese9,4,4gc0lfrr,1bna1ow0,Non ti sei manco accorto di aver detto quello che sostengo.,1
k7j11d2,17lese9,4,4gc0lfrr,1bna1ow0,"Non importa che tu sia d'accordo o meno, il punto di cui si discuteva √® di chi sia la responsabilit√†. Fin'ora a parte sbattere i piedi e dire cose a caso non hai dimostrato il contrario.",1
k7izw1e,17lese9,4,4gc0lfrr,1bna1ow0,"Stai cercando di ricostruire la situazione a tuo vantaggio con inutili trucchi, ovvio che si presuppone che il rapitore stia rapendo delle persone in funzione di un altro crimine. Stai ignorando il semplice fatto che se nessuno avesse un ostaggio non ci sarebbe motivo di uccidere i civili.

Ovvio che Israele voglia uccidere Hamas, Se Hamas non avesse ostaggi non avrebbe motivo di uccidere entrambi e si limiterebbe solo ad Hamas. Perch√® Israele bombarda? perch√® non ha altra opzione.

Lo ripeto perch√® sembri duretto: Se Hamas non avesse preso ostaggi, Israele non sarebbe costretta ad uccidere entrambi. In che modo il responsabile dovrebbe essere Israele?

Cosa non ti √® chiaro in questa situazione?",1
k7ifksz,17lese9,4,4gc0lfrr,1bna1ow0,"Non hai capito il senso, la responsabilit√† della morta √® di chi tiene in ostaggio.

Se il rapitore non avesse preso in ostaggio nessuno la polizia non avrebbe motivo di sganciare la bomba, in quanto vorrebbe solo fermare o uccidere il rapitore. Capisci la differenza?",1
k7hz2gh,17lese9,4,3l9t3cnl,m5pimmtcx,"Ma quelli mica li ammazzano gli ebrei kattivi. 

Verrebbe quasi da pensare che il problema per la maggior parte della gente non siano i bambini di Gaza, ma gli Ebrei (ma noooo, loro sono assolutamente solo antisionisti, se glielo fai notare si offendono a morte)",2
k7duhy0,17lese9,4,a3b9259a9,gm0sbuybu,"Per√≤ anche quella votazione era politica, e l‚Äôastensione aveva un significato. Se ricordi ci sono stati anche altri stati che si sono pi√π o meno inaspettatamente astenuti; i pi√π rilevanti? India, Giappone, Etiopia, Iraq e Tunisia.

Il mondo della diplomazia e della politica internazionale √® molto cinico e segue percorsi che con la morale o l‚Äôetica hanno poco a che fare.",32
k7fjiu0,17lese9,4,a3b9259a9,30nt1tdo,"Potrebbe essere che noi e la Grecia, altra astenuta, saremmo il tratto finale del corridoio IMEC.",1
k7f2p4j,17lese9,4,460ff,gm0sbuybu,"Si, ma senza una proposta di soluzione il tuo sembra solo l' ennesimo ""qualcuno pensi ai bambini!""",19
k7g47fv,17lese9,4,e6s57,gm0sbuybu,Nessuno ha obbligato i Palestini a votare Hamas e nessuno a obbligato Hamas ad uccidere civili in Israele.  Se tocchi il fuoco brucia.,3
k7g3qda,17lese9,4,e6s57,gm0sbuybu,"Beh, fatti loto per√≥.",1
k7i9pfw,17lese9,4,xyis1t4,1bna1ow0,"Il fine giustifica i mezzi √® una parte della questione, ma non √® tutto.

Potremmo stare qui ore a discutere se il numero di morti dei civili tedeschi durante la WW2 fosse un prezzo da pagare per sconfiggere la Germania Nazista, se i numeri potevano essere pi√π bassi, etc... ed √® un interessantissimo spunto di riflessione.

Sottolineo che secondo me il governo di Netanyahu √® uno dei peggiori, se non IL peggiore, che Israele abbia mai avuto, ma ritengo che il lavoro e la prerogativa di qualsiasi Capo di Stato sia quella di proteggere i propri civili, e se per proteggere i propri civili si pone la necessit√† di uccidere dei miliziani mimetizzati in mezzo ad un'altra popolazione civile, dubito che un Capo di Stato scelga di non premere il grilletto, sia esso Netanyahu o ""Ghandi"".

Clinton esit√≤ nell'uccidere Bin Laden quando ne ebbe la possibilit√† perch√© non volle uccidere dei civili, scelta assolutamente nobilissima, ma sappiamo tutti come and√≤ a finire. Vedendola solo ed unicamente dal punto di vista americano, Clinton avrebbe dovuto premere quel grilletto? Col senn√≤ di poi la risposta sarebbe stata *SI*, ma col senn√≤ di poi √® facile parlare.",3
k7i5h89,17lese9,4,xyis1t4,1bna1ow0,"Il paragone non calza, la Russia ha basi ed attrezzatura militari al di fuori delle proprie citt√†, Hamas ha tunnel ed armamenti sotto e vicino le abitazioni civili, inoltre si mimetizza insieme alla popolazione, ci sono i video di membri di Hamas che sparano con mortai al grido di Allah Huakbar mentre indossano le infradito.Se l'Ucraina cominciasse a bombardare citt√† russe ed abitazioni civili a caso allora passerebbe ""dalla parte del torto"".

Quello che sta facendo Israele al momento dal punto di vista umanitario √® tremendo, ma non ci sono alternative, non si pu√≤ vivere con un vicino che ogni giorno spara salve di razzi verso le tue citt√† e che ha appena commesso l'equivalente dell'11 Settembre ma in Israele.",1
k7dyt4v,17lese9,4,y77ns,gm0sbuybu,"non si puo' accedere a gaza quindi i numeri sono di Hamas, non possono essere verificati indipendentemente.",16
k7g20ek,17lese9,4,12a4g5,gm0sbuybu,"Consiglio anche:

https://www.youtube.com/watch?v=O7ByJb7QQ9U&ab\_channel=EncounterBooks",1
k7e6rpi,17lese9,4,hxoe7,w92vh750,La motivazione dei paesi che si sono astenuti √® stata che nella risoluzione non vi era alcuna condanna di Hamas.,13
k7hnb02,17lese9,4,2hh6c6c5,w92vh750,"Hanno fatto bene ad astenersi, i coglioni avrebbero accusato il governo Meloni di nostalgia nazionalsocialista antisemita avessero votato a favore . E di razzismo, genocida islamofobo e (e qualsiasi termine contenente fobo che Chat GPT elenca loro per fare gli intellettuali) se avessero votato contro. 
E ovviamente in base alle posizioni russe anche una bella accusa di essere Filo-putiniani che sta sempre bene come il prezzemolo 

E no, non √® perch√© il governo √® a detta tua razzista, violento (violento?, tipo che se parli in aula la Russa ti mena?), e seminatore d'odio (qualunque cosa significhi)

Non √® che fare elenchi privi di sostanza, dimostra nulla se non il vostro modo romanzato di vedere la politica come un qualcosa dove ci sono gli eroi, gli antieroi, i santi i peccatori etc. Specialmente ALL'ONU lol. Banalmente ci sono affari di ENI che coinvolgono Israele e ci siamo astenuti.

Stessa storia con i pirla che si lamentavano che facciamo affari con l'Egitto dopo la storia di Regeni, come se perdere affari da miliardi di euro sia una scelta saggia nella nostra situazione economica. 

E poi s√¨, in un braccio di ferro tra USA e Cina/Russia per l'ennesima questione di geopolitica tantovale astenersi, anche se di solito chi si vergogna di essere italiano come te preferisce tante parole vuote sull'amore, la pace, il nazismo e i genocidi solo per poter dire ""io sono il buono, guarda quante belle parole"" ai fatti.

O potevamo fare come la Bolivia, ritirare gli ambasciatori come se fregasse qualcosa a qualcuno, condannare Israele e fingere di aver fatto qualcosa di utile per fermare il conflitto",0
k7jb9qb,17lese9,4,2hh6c6c5,mnh8mw956,nah fa ridere perch√© basta che ricordi che nel corso dell'umanit√† un maiale abbia calpestato il suolo dove vuoi edificare e la moschea non √® pi√π costruibile,1
k7hpc4e,17lese9,4,2hh6c6c5,gm0sbuybu,"Astenersi in questo momento √® una scelta saggia, ma il fatto che un Nick scelto per meme quando ero in prima superiore generi in te tutto questo disagio mi fa capire che pure parlare della tabellina del due con te sarebbe difficile.

E se ti chiedi il perch√© del voto, ricorda che il governo ha anche il clima politico interno al paese di cui tenere conto. 

E in una situazione dove se voti a diventi un pericoloso antisemita
E se voti b un pericoloso islamofobo 
(Non che sia proprio cos√¨, ma se ne discute in questi termini)

E se non ti allinei al resto dell'Europa sei antieuropeista

E se non ti allinei all'occidente sei filorusso o filocinese
E se ti allinei all'occidente sei schiavo degli americani

Che motivo avrebbe il governo di tenere la patata bollente in mano (considerando poi la nostra influenza sulla questione) per prendere merda dalle opposizioni, tutto questo sapendo che se incriniamo i rapporti con Israele rischiamo di perdere anche affari che ENI c'ha gi√† in ballo? 

Il fatto che riusciate pure a vergognarvi di un'astensione fa capire quanto difficile possa diventare prendere una posizione netta",0
k7hldxy,17lese9,4,2hh6c6c5,gm0sbuybu,"l'Italia una colonia americana... 

E il fatto che non abbia agito di conseguenza facendo come vogliono gli americani lo reputi pure vergognoso. Santa merda...",1
k7h5ea7,17lese9,4,d1p3uht,6ru8td1yj,"Domanda. Hamas √® salito al potere nel 2006 e successivamente non si sono pi√π tenute regolari elezioni. Pi√π del 60% della gente attualmente a Gaza ha meno di 24 anni. Questo significa che, della gente a Gaza ora, pochi hanno votato nel 2006. √à quindi ancora corretto parlare di ""lo hanno votato loro""?",1
k7hgj2e,17lese9,31,cdxvrptu,xuna6,"ho capito, anche se loro stessi hanno detto che non √® possibile verificare n√© l'una n√© l'altra fonte. tralasciando cosa dice l'utente sopra di me che come puoi leggere tu stesso √® delirante",1
k7eddqk,17lese9,4,57vsf2wf,vg5lmex4,"Si riferiva alla guerra in Bosnia cosa c‚Äôentra la NATO. Nemmeno Israele √® nella NATO, cosa c‚Äôentra?!? Quanta ignoranza!",8
k8mjxgy,17lese9,4,fzlo009il,gm0sbuybu,Continui a farti dominare dall'ideologia. Da sempre Hamas fa entrare a Gaza solo giornalisti a loro favorevoli.,1
k7e6zar,17lese9,4,a19nfm84,gm0sbuybu,"> essendo una colonia americana, non abbia votato contro ma si sia astenuta, scelta che reputo vergognosa

se era una colonia americana faceva cio che gli chiedeva di fare l'america....

se poi e' una scelta che tu reputi vergognosa penso sia un tuo problema, in italia che piaccia o meno ci sono deirappresentanti che sono stati votati con la maggioranza dei voti quindi sono stati delegati.

ora se tu hai votato chi e al comando in questo momento devi solo pentirti e aspettare le prossime votazioni per votare chi meglio ti rappresenta visto che ti fanno vergognare; se non hai votato chi comanda ora allora aspetta le prossime elezioni e vota il partito che piu ti rappresenta sperando che vinca e ti rappresenti

io non ho votato questo governo ma non provo vergogna,",16
k7dwssg,17lese9,4,8q5m1jsg,gm0sbuybu,"Avrebbero abu mazen, che non sar√† gandhi ma non √® neanche hamas. 

Preferiscono hamas. Infatti l'unico motivo perch√® abu mazden √® ancora l√¨ invece di hamas √® perch√® non fa votare i palestinesi",18
k7h7ks7,17lese9,4,5z1g7qla,gm0sbuybu,Il governo di Gaza secondo te chi sarebbe?,2
k7eizj4,17lese9,4,5z1g7qla,gm0sbuybu,Innanzitutto la popolazione di gaza √® di 2 milioni. Poi sappiamo molto bene che hamas alza i numeri. Non dichiara la quantit√† propri caduti. Si nasconde tra la popolazione civile. Usa soldati minorenni. Non si possono prendere sul serio quei numeri.,5
k7eqb3k,17lese9,4,5z1g7qla,gm0sbuybu,">\[1\] Save the Children √® un'organizzazione indipendente e imparziale. A causa dell'assedio totale di Gaza, giornalisti e organizzazioni internazionali non sono in grado di accedere a Gaza per verificare in modo indipendente e fornire dati aggiornati sull'impatto dei bombardamenti in corso sulla popolazione civile. **Save the Children, in linea con gli aggiornamenti dell'OCHA, si basa attualmente sui dati del Ministero della Sanit√† israeliano per le vittime in Israele e del Ministero della Sanit√† di Gaza per le vittime all'interno di Gaza.** A causa della situazione attuale, le informazioni e i numeri forniti da entrambi i ministeri non possono essere verificati in modo indipendente.

E questo me lo sono inventato ?",14
k7epfox,17lese9,4,5z1g7qla,gm0sbuybu,"Ah ! Quindi, tu prima credi a Hamas, l'organizzazione terroristica che uccide omosessuali e commette atti di terrorismo in Israele, senza nemmeno una prova, poi dai agli altri il compito di andarli a contare ? Ma sei fesso o fai apposta ?",17
k7ej8n3,17lese9,4,5z1g7qla,gm0sbuybu,"\> \[1\] Save the Children √® un'organizzazione indipendente e imparziale. A causa dell'assedio totale di Gaza, giornalisti e organizzazioni internazionali non sono in grado di accedere a Gaza per verificare in modo indipendente e fornire dati aggiornati sull'impatto dei bombardamenti in corso sulla popolazione civile. Save the Children, in linea con gli aggiornamenti dell'OCHA, si basa attualmente sui dati del Ministero della Sanit√† israeliano per le vittime in Israele e del Ministero della Sanit√† di Gaza per le vittime all'interno di Gaza. A causa della situazione attuale, le informazioni e i numeri forniti da entrambi i ministeri non possono essere verificati in modo indipendente.

**per favore, leggi bene le fonti che condividi. I dati sono finti. Punto.**",19
k7fmrk7,17lese9,4,6gxlhpnht,gm0sbuybu,"Sta zitto, ignorante.",4
k7fii4j,17lese9,4,6gxlhpnht,gm0sbuybu,"Mi piacciono queste stime fatte a sentimento. Cio√® tu non sai un cazzo di niente, hai semplicemente deciso che 'ci sta'. E poi quello col deficit sarei io. 

Questo √® il risultato dell' educazione scientifica e matematica mediocre di cui soffriamo in questo paese.",3
k7e5c7g,17lese9,4,6gxlhpnht,gm0sbuybu,"> Considerato che non esistono corridoi umanitari, almeno al momento, direi che stimare in 4000 i bambini morti durante 3 settimane di bombardamenti a tappeto giornaliero, sia ragionevole. Adesso sei convinto?

Assolutamente no. Non mi hai dimostrato niente. Per dire che un dato √® ragionevole devi avere conoscenze specifiche del settore. Cosa sai delle operazioni militari israeliane? Sai che tipo di munizioni usano? Come scelgono i bersagli? Chi c'√® nell' area dell'esplosione? Non sai niente, hai visto il numero 4000 e ci hai creduto perch√® ti suona bene nella testa. Il guaio √® che pensi pure di aver fatto una scelta ragionata quando in realt√† non hai fatto altro che credere al dato a sentimento.",3
k7e2iuy,17lese9,4,6gxlhpnht,gm0sbuybu,"Dati ufficiali non significa niente. Vengono da Hamas e non sono credibili. 

Tu come te li sei fatti questi ""2 conti""? Perch√® secondo me non hai contato proprio niente.",12
k7e0kxw,17lese9,4,6gxlhpnht,gm0sbuybu,">I numeri sono pi√π che ragionevoli, se non sottostimati

In base a quali conoscenze fai questa affermazione?",8
k7epd7g,17lese9,4,6gxlhpnht,qbbg9,"No sono dati di hamas che li ha passati all unicef, cosa che sapresti se non ti inventassi le cose nella tua testa prima di scriverle. Demente.",6
k7fkx6n,17lese9,4,6gxlhpnht,hy5ra,"Cretino lo dici a tua madre che ci ha inflitto lo spreco di ossigeno che non sei altro.

Primo: La popolazione di Gaza al 1 settembre 2022 √® 2160000 abitanti secondo wikipedia.

Secondo: se anche fossero 15 milioni non significherebbe un cazzo rispetto al numero di vittime, perch√© dipende da una marea di fattori. Tipo come israele sceglie i bersagli, quanti danni collaterali √® dispista ad accettare, la precisione delle munizioni, la densit√† abitativa vicino ai bersagli e tanti altri. 

Tu hai visto la popolazione e hai deciso a cazzo che 4000 'ci sta' perch√© ti suona bene.

Sei un ignorante e faresti bene a tacere.",3
k7fh7lm,17lese9,4,6gxlhpnht,hy5ra,"Mi accontento di una stima fatta secondo criteri logici da qualcuno che non sia ne hamas ne Israele.

Se questo non √® possibile allora √® meglio tacere che scrivere puttanate.

L'utente a cui ho risposto asseriva che il numero 4000 che ci arriva da hamas √® logico e ragionevole ""se ti fai i conti"". Allora io gli ho chiesto di farmeli vedere questi conti, perch√© di hamas non mi fido ma della matematica si. 

Non ho mai chiesto di andare a contare i cadaveri ma solo che non mi venga a propugnare fatti e dati per veri solo perch√© coincidono con le sue presupposizioni.",2
k7e7rpv,17lese9,4,6gxlhpnht,hy5ra,">stai ragionando con gente che ormai pensavo si stesse estinguendo. Sembra di parlare con un complottista del 9/11  
>  
>Su 2.5mil di bambini se ne sono morti solo 4k √® un miracolo ma anche se fossero ""solo"" 100 il tuo discorso non cambia

Ma quale complottista?? Se metti in mezzo un numero lo devi dimostrare. Non √® che se ti suona bene nella testa allora √® vero.

Anche l'attacco all ospedale da parte di israele sembrava ragionevole e poi √® venuto fuori che hamas ha mentito e il missile era loro. Un fatto non √® ragionevole quando conferma quello che gi√† pensi.",9
k7etkkg,17lese9,4,6gxlhpnht,ko87ma8r,"Qua sta l'articolo di wikipedia con tutte le fonti.

https://en.m.wikipedia.org/wiki/Al-Ahli_Arab_Hospital_explosion

Io non sono spregevole e tu sei un demente.",5
k7fh04s,17lese9,4,30nt1tdo,a3b9259a9,"Banalmente L'india avrebbe solo economico, mente da guadagnarci con i patti di Abramo da parte di Israele e paesi arabi ,per nuove rotte che Pi√π facilmente potrebbe fare

Ha tutto l'interesse di tutelare Isreale

Mi lascia perplessa l'astensions dell'italia",2
k7hu28e,17lese9,4,c8h1u8b4c,m5pimmtcx,Anche una pistola scarica funziona meglio delle mani vuote.,0
k7ht41q,17lese9,4,c8h1u8b4c,m5pimmtcx,Consegnare Hamas √® tipo avere una pistola carica contro i ladri che ti sono entrati in casa e buttarla dal balcone,-1
k7h6tl0,17lese9,31,xuna6,cdxvrptu,"In realt√† s√¨, per loro stessa [ammissione](https://www.savethechildren.it/press/gaza-3195-bambini-uccisi-tre-settimane-un-numero-superiore-quello-annuale-dei-bambini-che). 

Puoi anche avere qualche agente sul campo ma pensare che possano girare per l'intera Gaza mentre viene bombardata per contare i morti civili tra le macerie √® da dementi, avran gi√† le mani fin troppo piene nell'aiutare quelli ancora vivi",1
k7e5md1,17lese9,4,hy5ra,gm0sbuybu,"stai ragionando con gente che ormai pensavo si stesse estinguendo. Sembra di parlare con un complottista del 9/11

Su 2.5mil di bambini se ne sono morti solo 4k √® un miracolo ma anche se fossero ""solo"" 100 il tuo discorso non cambia

Riguardo il post, metto le mani avanti perch√© effettivamente sono ignorante e non ho mai studiato storia e non ci capisco un cazzo, ma la guerra in vietnam l'hanno combattuta gli americani afaik. Non penso abbia molto senso il paragone con 2 paesi che si scannano tra di loro, non c'entriamo niente noi. Con gli americani almeno un minimo di dialogo si pu√≤ avere (e cmq la loro quantit√† di bambini li hanno bombardati, con o senza proteste)",-2
k7fjcn8,17lese9,4,hy5ra,6gxlhpnht,">Mi accontento di una stima fatta secondo criteri logici  
>  
>Allora io gli ho chiesto di farmeli vedere questi conti, perch√© di hamas non mi fido ma della matematica si.

il punto √® che te li ha fatti. Una citt√† con 2.5mil di under 14 bombardata per 3 settimane, pensi veramente siano tutti salvi? Sei proprio un cretino",-2
k7f831h,17lese9,4,hy5ra,6gxlhpnht,">Se metti in mezzo un numero lo devi dimostrare. Non √® che se ti suona bene nella testa allora √® vero.

Il punto √® che da come rispondi tu a quello che ti viene detto e linkato l'unico modo che uno ha per darti dei dati √® mandarti di persona a contare i cadaveri o fonti che dicono quello che vuoi sentire te.",1
k7et7li,17lese9,4,5fgpttfn,gm0sbuybu,Ministro della sanit√† di Gaza = Hamas,6
k7efslc,17lese9,4,ko87ma8r,6gxlhpnht,"Ma √® stato confermato pochi giorni fa da New York Times che il missile fosse Israeliano.
Io veramente non ho parole, √® per colpa delle persone spregevoli come te che il mondo versa in questa desolazione.",-3
k7hanzi,17lese9,4,jws2v,gm0sbuybu,"Palestina include la [Cisgiordania.](https://it.wikipedia.org/wiki/Cisgiordania)

La tua totale ignoranza √® direttamente proporzionale al tuo impeto a pontificare, √® abbastanza impressionante come cosa.",1
