comment_id,post_id,debate_group,comment_user_name,commented_user_name,comment_body,comment_score
kxtjk7w,1bulhj9,32,T_JaM_T,theenkos,"No, la quantit√† di acqua che cade sotto forma di pioggia √® di ordini di grandezza inferiore a quella che cadeva sotto forma di neve fino a 10-20 anni fa.  
  
E poi la neve in quota restava l√¨ a far da scorta idrica per l'estate, la pioggia scorre via subito, soprattutto ora con alta cementificazione e drenaggi forzati. Inoltre, fenomeni di pioggia violentissima come accade negli ultimi anni, vengono anche assorbiti poco dal terreno, perch√® la violenza del fenomeno satura e compatta subito gli strati superficiali del terreno, e l'acqua successiva scorre via andando ad accumularsi nelle zone pi√π basse facendo i disastri che vediamo tutti dopo ogni temporale nei TG",18
kxub8sy,1bulhj9,32,T_JaM_T,CosmoTwoFins,"L'avevo sentito due o tre mesi fa in una trasmissione dove un metereologo ne parlava, ora non ricordo assolutamente chi fosse o il nome della trasmissione per provare a recuperarla",1
kxww2q1,1bulhj9,32,_The_Prov_,lore_mila_,"L'unica a inquinare meno pro capite rispetto a noi √® l'india, che ha cmq un peso enorme in termini assoluti.
La cina √® ancora avanti in termini pro capite e ovviamente lo sono anche gli stati uniti, e ci mancherebbe dato il loro tenore di vita.
https://lab24.ilsole24ore.com/cop27-dati-CO2-mondo/",2
kxuegzt,1bulhj9,32,_The_Prov_,Reforged_Narsil,"Si, chiedo scusa, il mio dato si riferiva solo al dato di energia elettrica.",2
kxtgmx2,1bulhj9,5,davidevernizzi,Dangerous-Practice-6,"Senza sarcasmo o polemica, cosa? Per come la vedo io il nostro paese ha due enormi problemi che dovrebbero essere la discussione principale:

- cambiamento climatico, che dovrebbe rivoluzionare il modo con cui produciamo e consumiamo prodotti e servizi¬†
- declino demografico, che dovrebbe rivoluzionare il modo con cui gestiamo scuola, lavoro e famiglia

Che cosa hai trovato di pi√π importante? Chiedo senza voglia di fare polemica, perch√© trovo surreale che si passi tempo a discutere di altro, ma vedo che √® una cosa comune (anche a scuola dai miei figli) e quindi magari sono io che sbaglio.",4
kxtkidk,1bulhj9,5,davidevernizzi,Alex_Cheese94,"Da un lato hai ragione e credo che si starebbe molto meglio tutti se facessero tutti come l‚ÄôEuropa.

Dall‚Äôaltro serve la consapevolezza che quello che facciamo non √® ancora abbastanza e servir√† molto molto di pi√π.

Non credo che ce ne rendiamo conto, ma le emissioni vanno azzerate non solo ridotte. Azzerarle vuol dire nel migliore dei casi:
- generare solo elettricit√† pulita (e visto quanto dovremo elettrificare dovremo generare un mare di energia elettrica in pi√π di ora)
- rendere elettrico ogni trasporto a breve e medio raggio
- rendere senza emissione ogni trasporto a lungo raggio (idrogeno, bio carburanti, e-fuel, container a propulsione nucleare, qualsiasi cosa)
- compensare o rivoluzionare il settore delle costruzioni (produrre cemento emette moltissima co2)
- compensare l‚Äôagricoltura (fertilizzare emette molti gas riscaldanti)
- elettrificare tutti i consumi domestici (principalmente pompe di calore invece che caldaie e induzione invece che fornelli a gas)

Stiamo facendo meglio degli altri, ma il detto ‚Äúnel paese dei ciechi l‚Äôorbo √® re‚Äù qui non si applica.

Mettere la testa sotto la sabbia ed ignorare il problema non funziona in questo caso perch√© il problema non ci ignora.",0
kxtie9s,1bulhj9,5,davidevernizzi,Alex_Cheese94,"Del resto i ragazzini sono quelli che poi dovranno subirla tutta quando arriver√† la parte veramente brutta, magari dovendo pure badare ai genitori perch√© mancano risorse a causa del declino demografico, quindi ci sta che se ne preoccupino.

Comunque a parte motivi gravi che possono occupare la visione a medio/breve trovo strano che quando pensi a cosa succeder√† alla tua vita e quella dei tuoi cari nei prossimi 10/15 anni queste questioni non siano nella top 3.",5
kxtjugr,1bulhj9,5,davidevernizzi,Alex_Cheese94,"No. Sono un genitore che mantiene. Ma i miei hanno ancora 12 e 10 anni.

Comunque il fatto che abbiamo salari bassi √® un problema di adesso, che richiede azioni con effetto immediato ed √® chiaro e lampante.¬†

Il fatto che tra 20 anni non ci saranno medici o infermieri o agricoltori o lavoratori per pagare le pensioni √® un problema che richiede di rivoluzionare moltissimi ambiti sperando di avere risultati tra 30 anni¬†e non √® per niente banale. Per questo penso che sia pi√π importante stressare questo aspetto perch√© √® molto pi√π difficile da visualizzare e gestire.

Facendo un paragone √® come trovarsi nel deserto e preoccuparsi che l‚Äôacqua della bottiglia √® poca e non che si √® nel deserto. Ovviamente sono entrambi problemi, ma uno √® immediato mentre l‚Äôaltro √® sul lunghissimo periodo. Ma senza una visione strategica si muore nel lungo. Credo che siamo nella condizione in cui siamo anche perch√© 20 anni fa invece che pensare a lungo termine abbiamo pensato di pancia sul breve e brevissimo ed ora stiamo facendo lo stesso errore.¬†",5
kxtuqr1,1bulhj9,32,ectoderma,niccotaglia,non √® che se taylor swift prende il jet privato per fare due metri allora tu devi inquinare pi√π del dovuto come lei. sembra tanto un discorso da bambini delle elementari che si giustificano con la mamma perch√© l‚Äôamichetto ha fatto una marachella peggiore della loro.,3
kxtua6n,1bulhj9,32,ectoderma,niccotaglia,che vuoi che ti dica? bravo il trimone,2
kxtui6n,1bulhj9,32,ectoderma,Vind-,"ci salveremmo sia dalla dipendenza energetica che dal disastro ecologico con il nucleare, ma non si pu√≤ fare perch√© chernobyl. ovviamente eolico e solare no perch√© deturpano il paesaggio. certe volte penso che ce la meritiamo la sostituzione etnica.",9
kxtuzq9,1bulhj9,32,ectoderma,_Pin_6938,"gli allevamenti intensivi sprecano davvero tantissima acqua, senza contare che si deforesta per creare campi per coltivare il mangime del bestiame. 

tipo gi√† prendere la carne dal macellaio invece che dal supermercato √® una scelta meno impattante sull‚Äôambiente, senza contare che √® anche pi√π sano perch√© nella carne della grande distribuzione c‚Äô√® lo schifo",3
kxubxe1,1bulhj9,32,SynovialRaptor,Aromatic_Ad_5190,"Conosco l'avvocato dell'atomo e ho letto anche il suo libro qualche tempo fa. Io sono super PRO nucleare, sono solo un po' sfiduciato e rassegnato con l'umanit√† in generale :) 

Mi sembra che abbiamo soluzioni a tanti problemi ma non li vogliamo adottare perch√© andrebbero ad abbassare gli introiti miliardari di alcuni",2
kxu2bds,1bulhj9,32,SynovialRaptor,Aromatic_Ad_5190,"Puoi votare chi vuoi, le lobby del fossile sono troppo forti e non ti faranno fare mai nulla. Vedi la Germania che le centrali le aveva e le ha spente a favore di raddoppiare le forniture di gas dalla Russia. √à andata molto bene direi...

Per il fatto che pagherai meno la luce non √® proprio cos√¨. I prezzi sono allineati al mercato e paghi in base a quello. Vedi o cittadini francesi che non hanno sto gran risparmio. Al massimo i soldi li farebbe lo stato che rivende l'energia ad altri come fa la Francia, ma non sono i singoli cittadini a beneficiarne chiss√† quanto.",0
kxu0tob,1bulhj9,32,SynovialRaptor,stef_eda,"Il veicolo elettrico compensa la CO2 nei primi anni di vita, poi non inquini pi√π. Con l'auto termica inquinerai per tutta la durata della vita dell'auto, oltre alla fase di produzione",1
kxu6h6g,1bulhj9,32,SynovialRaptor,AndreaLuke,L'80% del litio viene estratto in sud america,-1
kxu1pl0,1bulhj9,32,SynovialRaptor,Elvis1404,"Ci stiamo arrampicando sugli specchi direi. Il problema delle termiche √® il bruciare fossili che produce inquinamento, cosa che le elettriche non fanno",2
kxu6ikd,1bulhj9,0,takipiroska,Particular_Nebula462,"Non so chiamano zanzare, razzista, sono immigrati climatici.",1
kxwlwlt,1bulhj9,32,Westaufel,lmilano10,"Sono d‚Äôaccordo per carit√†, ma i VIP che fanno gli ambientalisti col culo degli altri mi stanno sul cazzo lo stesso. Se vogliono raccontarci favole, usino le loro ricchezze per fare il primo passo.",1
kxvfl32,1bulhj9,36,Diossina17,ElleOsel997,Ma sulla base di cosa 700mln di persone pretendono di cambiare il clima di un pianeta abitato da 8mld?,3
kxthy4v,1bulhj9,0,Fergus74,DemocracyOfficer1886,In realt√† s√¨.,-5
kxubfx9,1bulhj9,32,Aromatic_Ad_5190,SynovialRaptor,"Hai preso come esempio uno dei pochi paesi che le ha spente e questo gli sta costando carissimo.
Per esempio la Slovenia far√† un nuovo reattore a krsko, in Finlandia olkiluoto √® stato connesso alla rete l'anno scorso. Vogtle dopo anni di ritardi √® stato connesso alla rete nel 2024. Io che abito in Olanda so che c'√® il progetto di uno o due nuovi reattori a Borssele. 
Hanno aperto una centrale nucleare gli Emirati Arabi nel 2020(che sicuramente sono dalla parte del fossile), cio√® hanno fatto una centrale gli EMIRATI ARABI! 
Costa tanto? Si
Ci vuole tanto tempo a costruirlo? Si
La lobby del fossile e degli ambientalisti nimby rema contro? Sicuramente
Vedo altre soluzioni? No
Comunque se non la conosci vai a vedere la pagina Facebook dell'avvocato dell'atomo. √à spiegato molto bene l√¨, meglio di quello che posso fare io in un commento su reddit",1
kxtypgn,1bulhj9,32,stef_eda,T_JaM_T,"Tranquillo, il Garda e' troppo pieno e le montagne intorno sono piene di neve (ad Aprile non si e' vista spesso cosi tanta neve).",2
kxtz8hl,1bulhj9,32,stef_eda,_The_Prov_,"L'inquinamento dei paesi asiatici dipende comunque dall'Europa. Ogni volta che compri un veicolo elettrico da 2 tonnellate sono 20 tonnellate di CO2 globalmente prodotta, per la maggior parte nei paesi produttori (batterie in primis). Comprare di meno, viaggiare di meno e modificare le abitudini puo' fare molto.",5
kxu4scl,1bulhj9,32,stef_eda,CosmoTwoFins,"la gente non sopporta il caldo perche' e' GRASSA.

Se da te e' troppo secco puoi venire qua con un secchiello e prenderti tutta l'acqua che vuoi. Piove tutti i giorni.",1
kxtyzab,1bulhj9,32,stef_eda,Alastor666,"SI potrebbero fare delle chiuse sul Po, per trattenere l'aqua. Le aree di golena sono dei naturali serbatoi di acqua. Le aree a lato dei fiumi (dove NON si dovrebbe costruire per definizione) sono sia invasi da utilizzare che buffer per mitigare le piene improvvise.",2
kxue34s,1bulhj9,32,stef_eda,ABrandNewCarl,"Esatto e' anche il mio proposito. Se non potro' piu' usare l'auto ne posso fare bellamente a meno, niente bolli e assicurazioni, in certi posti semplicemente non ci vado, che e' un ulteriore risparmio. Ormai per tutti i miei spostamenti uso la bici (non elettrica ovviamente).",-1
kxu3gfc,1bulhj9,32,stef_eda,AndreaLuke,"Esattamente, ma vallo a spiegare agli  ecofanatici. In realta' la riduzione delle emissioni si fa solo con un cambio verso il basso delle abitudini. La transizione (si fa per dire) ""Green"" serve per far lavorare l'industria, non per ridurre le emissioni di CO2.

Se misuri la CO2 in atmosfera sta aumentando e sta aumentando anche la velocita' con cui aumenta, per cui se arriva un pirla con un powerpoint di sto cazzo che ti fa vedere che la transizione green funziona puoi serenamente mandarlo a f.i.c.",3
kxu4ia2,1bulhj9,32,stef_eda,Elvis1404,I 2 numeri sono abbastanza realistici (ho visto dei paper della UE al riguardo). 6t di CO2 equivalgono (per una vettura termica leggera ed efficiente) a 60.000km di percorrenza. Le vetture elettriche sono tutte recenti quindi difficile avere dati storici sulla reale durata. Certamente nessuna batteria dovrebbe essere cambiata prima dei 200.000km e le batterie esauste dovrebbero essere riciclate. Non so se queste condizioni sono verificate.,2
kxu2x30,1bulhj9,32,stef_eda,Elvis1404,Per produrre le 20t di CO2 usate per produrre l'elettrica devi viaggiare 200.000km con una termica. Ergo: devi cambiare auto con una elettrica solo a fine vita (diciamo 200000 o 300000km) della tua vecchia auto.,0
kxtqdd8,1bulhj9,32,1010110110110001,DocKuro,"Vuoi competere ancora con me? Mi sa che stai gi√† perdendo

https://preview.redd.it/8j3afx6x68sc1.jpeg?width=1080&format=pjpg&auto=webp&s=cddbcc78aea658ab26fcac6ced3079036f00efbe",2
kxtq2rd,1bulhj9,32,1010110110110001,DocKuro,"Leggiti un po' di dati sulle emissioni delle varie nazioni da qui
https://edgar.jrc.ec.europa.eu/report_2023
 Che non √® il sito di topolino dove voi ambientalisti prendete i dati ma proviene direttamente dall'unione europea di cui molti ricercatori sono anche italiani...
Rifletti",1
kxtptl3,1bulhj9,32,1010110110110001,DocKuro,Ah quindi il mondo si basa sulla Germania? Bene a sapersi...guarda un po' in oriente quante nuove centrali a carbone stanno costruendo e poi rifletti,2
kxtppes,1bulhj9,32,1010110110110001,DocKuro,Perch√© devo mandarti link affidabili? Non sei capace di cercarti le notizie dall' solo?,2
kxtqatl,1bulhj9,32,1010110110110001,DocKuro,https://preview.redd.it/xnmnnobr68sc1.jpeg?width=1080&format=pjpg&auto=webp&s=6fd71f7a9a4e3498b0d7bc7b8e40917063def434,2
kxtqa4s,1bulhj9,32,1010110110110001,DocKuro,"Prova a smentire questi dati se ci riesci

https://preview.redd.it/xshq1rsp68sc1.jpeg?width=1080&format=pjpg&auto=webp&s=1786c3cc2edb0931b34275a85ff69d688132a22c",2
kxtzphh,1bulhj9,32,dlxphr,Tryton4994,"Penso quella energia si possa anche spendere rompendo il cazzo ai governi ed esigere cambi legislativi che fermino aziende e chi davvero sta facendo bollire il mondo a smetterla.

O entrambi, rompi il cazzo al vicino per il contenitore ma minaccia al governo che col cazzo che li rivoti se lasciano ancora che Shell e compagnia bella facciano il azzo che vogliono",1
kxw50bj,1bulhj9,32,lore_mila_,_The_Prov_,"L'ultima volta che ho controllato paesi come cina, india e stato uniti inquinano meno pro capite rispetto a noi. Forse gli stati uniti solo inquinano pi√π di noi",1
kxw5llq,1bulhj9,32,lore_mila_,robnet77,E pensa che quella tantissima acqua usata per coltivare vegetali si somma alla tantissima acqua che gli animali bevono mentre mangiano i vegetali per cui hai consumato tantissima acqua. Se togli gli animali togli tantissima acqua consumata dalla sommatoria,1
kxtm99s,1bulhj9,24,rotopono,Dark_Ansem,Pensavo fosse il patriarcato bianco,-2
kxtgzgw,1bulhj9,5,Dangerous-Practice-6,davidevernizzi,"Senza scendere nel dettaglio... problemi economici e familiari gravi che hanno bisogno di essere risolti nel breve termine. 

Non ho molto tempo per questo genere di cose.",3
kxuk3e9,1bulhj9,32,carburo87,Blitzer161,https://youtu.be/p35CGNS8mu0?feature=shared,1
kxujsdh,1bulhj9,32,carburo87,Blitzer161,ci deve essere un video su youtube di una giovane ragazza (dicono sia una doppiatrice ) che usa tale termine prima di piangere,1
kxuj6b2,1bulhj9,32,carburo87,Blitzer161,devi chiederlo a chi ha creato tale termine,0
kxtk839,1bulhj9,32,carburo87,Superarkit98,no no grazie ora torno sul mio panfilo di 40 metri,1
kxti7tf,1bulhj9,32,carburo87,Superarkit98,viviamo sulle palafitte,-3
kxti32r,1bulhj9,32,carburo87,Superarkit98,abbiamo grossi sconti sui jeans a 3/4,0
kxtqodl,1bulhj9,36,Nik-42,ponchietto,"Per occidente valgono anche gli stati uniti, e la Cina non √® tanto meglio, e l'Africa dubito che possa fare pi√π di tanto rispetto a loro.",0
kxurq9y,1bulhj9,32,SnooCapers4584,ButterscotchNo670,üôã‚Äç‚ôÇÔ∏è,1
kxu112x,1bulhj9,32,SnooCapers4584,RadixNK,"sono abbastanza vecchio da ricordarmi che negli anni 80 e 90 ""gli scienziati"" ci allarmavano di un tragico e inarrestabile raffreddamento globale, poi improvvisamente in un anno che ora non ricordo √© diventato riscaldamento, in entrambi i casi gli effetti sarebbero stati disastrosi e il mondo sarebbe finito entro i 5-10 anni successivi.",2
kxtw69d,1bulhj9,32,SnooCapers4584,RadixNK,sarai intelligente te che probabilmente credi all innalzamento dei mari..,0
kxut98f,1bulhj9,32,SnooCapers4584,CosmoTwoFins,"accusi di livello orticellistico e ribatti con ""dall'estate 2023""? ü§£ü§£ü§£ü§£
cio√© √© la stessa cosa di un terrapiattista che basa la sua idea sul fatto che il suo giardino √© piatto",2
kxuki6y,1bulhj9,32,lordwotton77,Blitzer161,"Ah dire ""beato te"" √® richiedere di presentare prove?

Io non gioco a fare lo scienziato, hai qualche problema di comprensione credo. Sei tu che parli di fantomatici studi che dubito tu riesca a capire visto l'andazzo della conversazione. Io sicuramente di un paper scientifico capisco il minimo e non ho assolutamente le competenze per appurare se ci siano errori metodologici o altro, ma almeno io ho l'onest√† intellettuale di ammetterlo a differenza dei geni da tastiera come te",3
kxujp8f,1bulhj9,32,lordwotton77,Blitzer161,"ü§£ü§£ü§£ü§£ü§£ Sei un fuoriclasse

Sei tu che hai attaccato me, ridicolizzandomi, per aver espresso la mia opinione. La differenza √® che a me della tua non importa proprio niente",3
kxuiufu,1bulhj9,32,lordwotton77,Blitzer161,Conosco vari ricercatori e nessuno di loro crede al cambiamento climatico. Mi spiace ma credo pi√π a u dottore di ricerca in fisica che a uno sconosciuto su reddit che parla di studi che probabilmente nemmeno comprende (come non li comprendo io),2
kxuigl9,1bulhj9,32,lordwotton77,Blitzer161,"Credi ai giornali, ti dicono il vero loroüëåüèª sono bravi üòç",2
kxtmmhg,1bulhj9,32,Dylan_Cane,_samux_,Accendi il condizionatore.,-1
kxtiwzz,1bulhj9,32,lucazpf,VamosAlaPlaya75,Siete troppo facili. Nuovo su Reddit?,-6
kxx6iuq,1bulhj9,32,lucazpf,IlBo0,Mi annoia di pi√π chi si prende troppo sul serio.,1
kxtwbnh,1bulhj9,32,RadixNK,SnooCapers4584,Vabb√® fra hai tipo 10 anni secondo me,2
kxtomkl,1bulhj9,32,RadixNK,SnooCapers4584,Ma sei rincoglionito?,3
kxtrtq6,1bulhj9,32,SeparatePeach420,oliosutela,"Nooo, non portare alla luce fatti concreti che ti daranno del nazivegan!",1
kxtuemt,1bulhj9,32,niccotaglia,ectoderma,"anche se mi metto a brucare erba, usare solo lo spostapoveri e tornare a vivere come nel 1900 basta che taylor swift decida di andare al cesso col jet e annulla tutto quello che posso fare, quindi tanto vale godermela",5
kxtu5mq,1bulhj9,32,niccotaglia,ectoderma,"io invece mangio carne in abbondanza, non uso mai i mezzi, uso sempre la macchina o la moto (rigorosamente decatalizzata e rimappata)",5
kxtup7j,1bulhj9,32,niccotaglia,Tryton4994,Cos√¨ si ricaricano anche le anguille elettriche,1
kxtuaay,1bulhj9,32,niccotaglia,Tryton4994,"con me avrebbe l‚Äôeffetto opposto‚Ä¶gi√† ho tolto catalizzatore e canister a una delle mie moto, ma restano ancora la macchina e l‚Äôaltra moto‚Ä¶",1
kxu33ae,1bulhj9,32,niccotaglia,Elvis1404,"Sulla scatalizzata pochi, 7500 circa l‚Äôanno. Sulla turistica ce l‚Äôho da 9 mesi e sono gi√† a 13k. La macchina 10k l‚Äôanno",1
kxtjoas,1bulhj9,34,Potential-AI,JackColon17,Allora non sono a conoscenza del meme! Sorry,3
kxtjdvc,1bulhj9,34,Potential-AI,JackColon17,Se scrivi in italiano potrei anche replicare,-1
kxtnqby,1bulhj9,0,nickpsc,Tonieland,‚Äòspegnete la lucina dei dispositivi in standby per risparmiare energia e salvare il mondo!‚Äô -> nel frattempo Taylor Swift che per andare dalla cuc√¨na al bagno prende il jet privato:üëÅÔ∏èüëÖüëÅÔ∏è,151
kxts9xo,1bulhj9,36,ElleOsel997,Tonieland,"questo √® il classico discorso scaricabarile per non prendersi le responsabilit√† di quello che avviene. Facile dire ""Si, ma devono essere gli altri a cambiare."" Cazzate, la societ√† √® fatta da persone come te e me, e il cambiamento deve essere culturale prima che economico, scientifico, energetico, etc. Dobbiamo (io, te, e tutti gli altri) renderci conto che sono proprio le nostre azioni quotidiane il problema. Immagina se non comprassimo pi√π da amazon perch√® la consideriamo non-etica ed avente un impatto enorme sul cambiamento climatico. Immagina se ci rendessimo conto che mangiare (troppa) carne contribuisce tantissimo al problema, e ad un sacco di altri problemi. Questi pensieri, e cambiamenti, non stanno a Bill Gates e Taylor Swift, ma a gente comune come me e te.",-2
kxtusws,1bulhj9,36,ElleOsel997,Wesk333,"Sicuramente sarebbe importante fare anche quello. Ma il ricco con il jet privato non √® diverso da me e te. Il problema √® proprio la mentalit√† del ""eh, ma tanto loro fan cos√¨..."". No, il problema siamo io, te, quello con il Jet privato, e tutti gli altri. Finch√® ci crediamo superiori al problema, siamo parte del problema. Ed il problema, lo ribadisco √® culturale: ci siamo inventati uno stile di vita insostenibile dove il prezzo delle nostre comodit√† √® la causa della distruzione dell'ecosistema. Finch√® non capiamo questo come individui √® inutile parlare di energie rinnovabili etc.",0
kxu516c,1bulhj9,36,ElleOsel997,kiodos,"Sono completamente d'accordo, stiamo dicendo la stessa cosa. Quotandoti, dobbiamo rivedere l'idea stessa di societ√†.

Edit: typo.",3
kxtvyma,1bulhj9,36,ElleOsel997,Ambrogio_2,"Guarda, sono totalmente d'accordo. Traduco in termini semplici quello che sto dicendo io. Noi e i ricchi siamo stronzi ed egoisti allo stesso modo, il problema √® quello.",0
kxtrpc9,1bulhj9,32,lmilano10,Tonieland,"Facile dare la colpa di tutti i mali alle grandi multinazionali, ma loro sono soltanto una parte dell'equazione e oltre un certo limite non possono evitare sprechi ed esternalit√†. Mentre tu che cosa stai facendo per migliorare la situazione?



https://preview.redd.it/v9uf5zfx98sc1.png?width=1300&format=png&auto=webp&s=fc1aa762122b1470b4d8922059e48852c95cb46e",-4
kxtsd5e,1bulhj9,32,lmilano10,Westaufel,"Non spariamo cazzate, potrei capire il ragionamento se fossimo in 7 miliardi ciascuno col proprio jet privato, ma quanto pu√≤ contare l'inquinamento **aggregato** per l'utilizzo sporadico che ne fanno qualche migliaio di persone in tutto il mondo ogni anno?",-1
kxu83lx,1bulhj9,32,lmilano10,HeavyAbbreviations63,"Lo sai tu invece che le azioni delle grandi multinazionali dipendono dalle scelte dei consumatori? Che se una persona compra il nuovo modello di cellulare ogni anno, segue sempre l'ultima moda, acquista acqua in bottiglia anzich√® berla dal rubinetto, le multinazionali non possono che adattare la propria offerta alle esigenze di mercato? L'alternativa quale dovrebbe essere? Uno Stato paternalista che ti dice che cosa e ogni quanto comprare, magari imponendo un tetto massimo alla spesa e esigenze di consumo, ti vieta magari certi prodotti perch√© ""poco salutari"" e non environmental-friendly?",1
kxu01hd,1bulhj9,32,lmilano10,AndreaLuke,"Per questo dal 2035 ci sar√† l'obbligo a livello europeo, genio",0
kxtrzx3,1bulhj9,0,Reddog1999,Tonieland,"Non voglio fare l'avvocato del diavolo, ma penso che ad un esame di coscienza tutti noi siamo colpevoli, dall'operaio al capitano d'industria. Semplicemente nessuno √® disposto a vedere seriamente compromessi i propri standard di vita in nome del pianeta. Non penso che nessuno di noi accetterebbe di pagare trenta euro un'ombrellino portatile, che sia prodotto in loco con materiali sostenibili e non arrivato l'altro ieri da qualche portacontainer...",-1
kxywf3c,1bulhj9,0,SnooGiraffes5692,Tonieland,"Mi fate troppo ridere. O.piangere.
Vi viene detto un problema di tutti e subito dite che il problema sono solo.i ricchi e/o la politica.
Il.problema siamo tutti. Tutti dovremmo impegnarci cambiando abitudini. Ma non avete intenzione di farlo.
Perch√© il problema reale √® l'immaturit√† generalizzata,  che coinvolge poveri, ricchi, politici.e non politici.",0
kxu7n1v,1bulhj9,36,SaPpHiReFlAmEs99,Tonieland,"Discorso del cazzo perch√© le emissioni pro capite dei paesi occidentali sono molto molto pi√π elevate di quelle dei paesi in sviluppo, Cina ed India compresi",-2
kxurvit,1bulhj9,36,SaPpHiReFlAmEs99,ponchietto,Non ero al corrente che la Cina avesse superato da poco l'Europa ma il succo del discorso rimane lo stesso,1
kxtk77p,1bulhj9,32,oliosutela,T_JaM_T,"Il fatto √® che l'acqua viene si usata per l'agricoltura ma molta di pi√π per abbeverare gli allevamenti (intensivi?)  
Guardatevi quanta acqua beve una mucca da latte al giorno",29
kxtk9cj,1bulhj9,32,oliosutela,lucazpf,"E allora √® tutto ok!  
Grazie lucazpf",3
kxuonzj,1bulhj9,32,oliosutela,SeparatePeach420,Non sono ne vegano ne vegetariano ma la gente dovrebbe sapere come stanno realmente le cose invece di mettere la testa sotto la sabbia,5
kxz90jj,1bulhj9,32,oliosutela,robnet77,Sarebbe meglio una volta al mese,0
kxz8ym8,1bulhj9,32,oliosutela,BetterUseFakeAccount,"E' il classico cavallo di battaglia.  
""E le proteine?""  
""Eh ma anche le piante provano dolore""  
""Ora mi mangio una bella fiorentina alla faccia vostra muhehehehe""""  
""Meglio, pi√π carne per me muhehehehe""

E non sono ne vegano ne vegetariano",1
kxtik24,1bulhj9,32,theenkos,T_JaM_T,"Dipende, semplicemente l‚Äôacqua che cade non √® sotto forma di neve ma semplice pioggia.

Soprattutto invece che piovere in modo regolare ti trovi tantissima acqua tutta insieme. La soluzione √® creare molti pi√π laghi per contenere l‚Äôacqua piovana e distribuirla, proprio come farebbe un ghiacciaio che si riempe e scioglie durante l‚Äôanno.

Ovviamente questo sistema funziona se la pioggia non smette del tutto o diminuisce drasticamente per anni ma in tal caso direi che l‚Äôultimo problema sar√† l‚Äôacqua",5
kxtlv9i,1bulhj9,32,theenkos,andrea_ci,Hai idee migliori che implicano il non fermare l‚Äôintera economia globale di botto tornando all‚Äôet√† della pietra?,-1
kxufdc5,1bulhj9,32,billythecat1993,T_JaM_T,"L'agricoltura va ripensata in toto ed abbandonato il metodo classico in terra che spreca tantissima acqua, oltre  ad aver bisogno di molti pi√π pesticidi = inquinamento della terra e delle falde acquifere. Bisogna riconvertire in coltivazioni tipo idroponiche e similari, saranno presto le uniche sostenibili. Ma la gente qui √® troppo stupida ed attaccata alle tradizioni, credendo che i pomodori fatti nella terraaaaahhh!!!111 siano migliori perch√© i nonni li han sempre fatti cos√¨ e che schifo le serreeeehh abominio non sono naturaliiih",0
kxv0zb6,1bulhj9,32,Reforged_Narsil,_The_Prov_,Non devi scusarti ma √® importante essere precisi perch√© ancora troppe persone non hanno idea di come funzioni il mondo reale,2
kxu9yw6,1bulhj9,32,Reforged_Narsil,_The_Prov_,"Il 50% √® relativo ad energia elettrica. In termini di energia primaria l'Italia, che √® un paese abbastanza virtuoso tra quelli con economia di tipo manifatturiero, soddisfa l'80% del proprio fabbisogno da fonti fossili.",8
kxtz5bu,1bulhj9,32,VeronikaVelo,_The_Prov_,"credo che sulle alpi sia prevista la costruzione di invasi per trattenere l‚Äôacqua.. per la produzione di neve artificiale ovviamente, sia mai che non si potr√† pi√π sciare in futuro",4
kxur4e1,1bulhj9,32,robnet77,_The_Prov_,"Qualunque dato sulla Cina √® al 99.99% falso. La loro propaganda ci fa credere che abbiano a cuore il pianeta, mentre in realt√† stanno aprendo tante miniere di carbone.",-1
kxw7xkv,1bulhj9,32,robnet77,lore_mila_,"In realt√† nelle cifre che ho visto prima via google includono anche l'acqua delle verdure mangiate. Io resto in favore di una dieta variegata, che include il manzo una volta alla settimana in media.",1
kxv0sk2,1bulhj9,32,robnet77,BetterUseFakeAccount,"Mica solo l'avocado, ma allora anche il pollame richiede meno risorse del manzo. Se parliamo di frutta e verdura, ce ne sono tante che richiedono molta acqua o altre risorse (trasporto intercontinentale ad esempio).",3
kxurp87,1bulhj9,32,robnet77,BetterUseFakeAccount,S√¨ ma informati su quanta acqua serve per produrre un avocado. Spoiler: tantissima.,3
kxtkr6g,1bulhj9,0,Both-Lime3749,Sahlokn1r,*si siede accanto per fare il tifo*,14
kxtlm12,1bulhj9,0,HalfIsGone,Sahlokn1r,Appena ho letto il subj ho pensato la stessa cosa!,4
kxtph73,1bulhj9,32,Expert_Owl_2109,davidevernizzi,La Russia sta vivendo un periodo di crisi idrica superiore al nostro quindi niente non ce la faranno mai a diventare un altra svizzera economicamente üòÇ,1
kxtpk3l,1bulhj9,32,Expert_Owl_2109,ectoderma,Pensa che nel 2011 ad aprile al nord si sono sfiorati i 34 gradi quindi si √® visto di peggio.,2
kxtq9t2,1bulhj9,32,Expert_Owl_2109,VirtuteECanoscenza,Sono tutte delle falsit√†,-3
kxtpzml,1bulhj9,32,Expert_Owl_2109,Particular_Nebula462,Invece l' asteroide che colpisce la terra? Oppure il calcio che viene criminalizzato? Come faranno gli Italiani a sopravvivere a questi cataclismi?,0
kxtqbzt,1bulhj9,32,Expert_Owl_2109,Tryton4994,Io non mi faccio mandare a quel paese io mando le persone a quel paese,0
kxvlojc,1bulhj9,32,Expert_Owl_2109,CosmoTwoFins,"Non √® stata una risalita di un prefrontale ma una distesa anticiclonica sull'Europa occidentale di matrice oceanica che che ha attivato i venti di caduta favonici dalle Alpi favoriti dai terreni secchi e da un contributo subtropicale, infatti i 30 gradi non si sono avuti solo un giorno ma per 5 giorni di fila, addirittura si sono sfiorati in quote di alta montagna, mentre molto probabilmente con questa accensione calda difficilmente si supereranno i 25 gradi per il semplice motivo che in molte zone del nord e del centro ha piovuto non poco rendendo i terreni umidi poi √® chiaro se poi arriva un anticiclone mastodontico con anomalie in quota straordinarie come nel giugno 2019 o nel febbraio 2014 allora si faranno per forza i record con o senza terreni secchi ma comunque sto solo spiegando un po' di climatologia locale a persone che sono ignoranti quindi far√≤ degli errori ma informandomi su siti altamente affidabili ne sapr√≤ qualcosa di pi√π.",1
kxuctey,1bulhj9,32,Expert_Owl_2109,CosmoTwoFins,"A dire la verit√† il caldo anomalo nel 2011 √® durato pi√π di due settimane, inoltre ci sono stati anche altri aprili molto anomali per il caldo come l' aprile 2018, 2007 e 1985 quindi questo aprile sar√† caldo ma dubito che possa eguagliare quei mesi, quello su cui concordo √® il fatto che il caldo anomalo sta durando da ottobre 2023 e a livello globale il luglio 2023 abbia dato un accelerazione ai periodi di caldo.",2
kxtpv8d,1bulhj9,32,Expert_Owl_2109,MrPinguinoEUW,Non √® essere cinici ma √® essere degli stronzi.,1
kxtq0lv,1bulhj9,32,ClosingFrantica,ectoderma,"Anche io cerco di fare la mia parte, ma non nego che a volte mi prende lo sconforto. Sono l√¨ davanti ai miei bidoni della differenziata che sto separando il pezzettino di plastica dal cartone della pasta e penso: ma tanto a che cazzo serve? Mi sono davvero rotto di tutto lo scaricabarile sull'utente finale, io posso adeguare le mie abitudini il pi√π possibile e convincere altri a farlo, ma tanto l'industria prosegue imperterrita. Poi io mi devo sentire stronzo perch√© compro una bottiglia d'acqua frizzante ogni tanto.",13
kxtpgbo,1bulhj9,32,Decapsy,ectoderma,"Triste che chi ha 22 anni auspica e si sbatte per il pianeta, mentre chi ne ha 50+ ed √® pieno di soldi pensa ad arricchirsi e consumare.",16
kxtu3pc,1bulhj9,32,Decapsy,Norel19,"Si pu√≤ giustificare un po‚Äô come si vuole, del resto tutto il sistema √® capitalista e si guadagna per consumare.

La mia era solo una constatazione di quanto triste sia la realt√† che stiamo vivendo.",4
kxtsl4g,1bulhj9,32,PizzaBandit89,ectoderma,"I padroni fanno il lavaggio del cervello agli schiavi perch√® consumino il pi√π possibile, in modo da sostenere il modello consumistico e farli guadagnare all'infinito.


I padroni architettano guerre e poi ci mandano a morire gli schiavi, a bordo di mezzi che inquinano in modo assurdo, oltre ad uccidere e distruggere.


I padroni ora colpevolizzano gli schiavi perch√® inquinano troppo consumando l'inutile roba che loro stessi gli hanno venduto.


Non sar√† mai abbastanza e tu schiavo avrai sempre di meno, ed avrai sempre la colpa.",8
kxts6dw,1bulhj9,32,PizzaBandit89,nickpsc,Ma la smettete di scrivere con sto format trito e ritrito.,-26
kxtszvu,1bulhj9,32,Vind-,ectoderma,"Cos√¨ facendo stiamo gi√† dando il nostro contributo. Un‚Äôaltra cosa che bisogna fare √® cambiare questo:

https://preview.redd.it/ssfivsb0c8sc1.jpeg?width=1170&format=pjpg&auto=webp&s=f7e7c44ca92b4dd7fa91915019a28fc3199f3326

L‚ÄôItalia √® fra i paesi che emette pi√π CO2 per kW/h di elettricit√† prodotto in Europa occidentale (ci superano la Germania e l‚ÄôIrlanda).

Sia col nucleare, sia con rinnovabili, in quella cartina si vedono i Paesi che stanno risolvendo il problema. Invece in Italia:

\-case green no -pale eoliche no -fotovoltaico meh -nucleare no -macchine elettriche no

Bruciamo gas che addirittura dobbiamo importare allora.",8
kxty65h,1bulhj9,32,Vind-,AndreaLuke,In tutto il testo non c‚Äô√® una sola cifra che non sia ipotetica.,-1
kxtvsxz,1bulhj9,32,Vind-,AndreaLuke,Ci fai il LCA?,-1
kxtt2ej,1bulhj9,32,TheGoosePlan,ectoderma,"Bravo, il tuo spirito √® invidiabile.

Poi per√≤ apri il cassonetto dell'indifferenziato alla mattina e ci trovi dentro bottiglie di plastica e vetro, con la campana distante 150 metri. 150 metri che oggi si potrebbero fare a piedi, tra qualche anno in canoa.",3
kxtusd6,1bulhj9,32,_Pin_6938,ectoderma,Non capisco cosa centra la carne col riscaldamento globale ma concordo con te,2
kxtscmp,1bulhj9,32,Independent_Gas_1827,ectoderma,Aspettati un futuro alla Ergo Proxy.,1
kxtmt5j,1bulhj9,32,Tryton4994,Aoimoku91,"Beh tipo rompere il cazzo a manetta alle persone sul perch√© bisognerebbe riempire il flacone vuoto di detersivo invece che comprarne uno nuovo, s√¨, 9 su 10 ti manderanno a quel paese ma quell'1 capir√† e romper√† il cazzo a sua volta, cos√¨ si espande un'idea, cos√¨ si d√† vita al cambiamento: rompendo il cazzo.",0
kxtuuvn,1bulhj9,32,Tryton4994,niccotaglia,"Bravo! √à tutto connesso, si vede che qua il ragazzo qua ha studiato ecologia",2
kxtumvx,1bulhj9,32,Tryton4994,niccotaglia,"Appunto, mi raccomando per√≤ quando le batterie finiscono non portarle in discarica, troppa emissione di CO2 nel tragitto, piuttosto un consiglio: la prossima volta che vai al mare te la porti dietro e la lanci pi√π lontano che puoi",2
kxtrm3v,1bulhj9,32,Tryton4994,Expert_Owl_2109,"Onesto, la penserei come te in altri contesti, ma se li mandi a quel paese perch√© non capiscono l'ambientalismo poi si incattiviscono e mentalmente si chiudono ancora di pi√π, √® controproducente.",1
kxty387,1bulhj9,32,Tryton4994,AndreaLuke,"Sisi non intendevo ""tu tu"", che si capisce che sei una persona attenta, dico in generale che quando si parla con le persone non √® mai invano, proprio per come √® fatto il cervello qualcosa resta sempre. 

Sul fatto della politica purtroppo hai ragione, ma si ritorna alla domanda principale: allora che cosa si pu√≤ fare? Solo aprire la bocca e parlare tra di noi, non serve a niente? Immagina se non se ne parlasse proprio allora.",1
kxtwc91,1bulhj9,32,Tryton4994,AndreaLuke,"Come si fanno le leggi che vuoi tu? Votando politici che pensi ti rappresentino.
Chi vota i politici che ti rappresentano? Chi la pensa come te (in questo caso sull'ambiente).
Chi la pensa come te? Quelli a cui rompi il cazzo e fai riflettere, che si spera la prossima volta voteranno qualcuno che ha intenzione di tassare imballaggi di plastica. 

Non capisco cosa ci troviate di assurdo nel far riflettere le persone sulle cose, se non se ne parla non si far√† mai nulla, per questo il dialogo sulla faccenda non √® mai fine a s√© stesso, la nostra conversazione di oggi rimarr√† nel tuo inconscio chiunque tu sia, che tu voglia oppure no.",2
kxu1cdr,1bulhj9,32,Tryton4994,sourfuture,"Comprensibile ma personalmente non lo condivido, preferisco la libert√† alla sicurezza, anche perch√© non sarebbe un vero cambiamento della societ√† umana se fosse imposto, potrebbe cadere il governo e si tornerebbe allo stile di vita insostenibile. Penso che un'idea condivisa dal basso sia pi√π difficile da eliminare di una legge, per questo anche se ammetto che √® utopica, la trovo l'unica soluzione valida.",1
kxtwred,1bulhj9,32,Tryton4994,sourfuture,Dubiti che parlare alle persone della questione ambientale sia necessario alla risoluzione della stessa? Quindi suppongo che troveresti pi√π utile un'imposizione dall'alto piuttosto che una presa di coscienza dal basso correggimi se sbaglio,1
kxtt8au,1bulhj9,32,Tryton4994,sourfuture,"Sufficiente no di certo, necessaria s√¨",0
kxtyeg6,1bulhj9,32,Tryton4994,Il_Dordollano,"Eh gi√†, neanche puoi mettere un controllo sulle nascite poi perch√© sarebbe contro i diritti umani, stupidi umani, hanno rovinato l'umanit√†!",2
kxtxj0g,1bulhj9,32,Tryton4994,Il_Dordollano,"Ma infatti l'estinzione dell'uomo √® una cosa inevitabile, in media una specie vive 3 milioni di anni prima di estinguersi, solo dopo tale periodo potremo dire con certezza se un cervello grande e sviluppato sia un vantaggio o no, e vedendo l'andazzo mi sa che l'homo sapiens sapiens non √® proprio adatto alla vita.

Non stiamo qui a chiederci come impedire l'estinzione, pi√π che altro come ritardarla, in futuro la tecnologia potrebbe addirittura invertire l'entropia per quanto ne sappiamo, sarebbe un peccato estinguersi prima di aver scoperto come riassorbire la CO2.",1
kxtvr8a,1bulhj9,32,Tryton4994,Il_Dordollano,"Il flacone √® solo un esempio stupido, quello che intendo con rompere il cazzo √® creare l'attenzione nelle persone. Non desidero certo un mondo ad emissioni 0, perch√© anche senza andare a scomodare l'uomo moderno e i suoi agi, gi√† con il diffondersi dell'allevamento i livelli di CO2 sono diventati anomali, per√≤ l'attenzione ai propri consumi pu√≤ ritardare di molto l'inevitabile sfruttamento delle risorse terrestri, aumentando le prospettive di vita della razza umana.

'sputace sopra'",1
kxv7giw,1bulhj9,0,Toums95,Someone_maybe_nice,"Cina e India producono tante delle cose che poi usiamo noi. Sostanzialmente ""esportiamo"" inquinamento da loro.

Inoltre, quello che importa sono le emissioni pro capite. Non √® che un indiano ha diritto ad inquinare meno di me. Se io inquino 10, non posso moralmente costringere un indiano ad inquinare 1. Loro sono tanti, √® ovvio che in termini assoluti inquinano molto.",5
ky1zuvg,1bulhj9,32,ImpressiveCourage466,ectoderma,"√à un discorso da persone che non hanno la mentalit√† dello schiavo, cosa per te incomprensibile",1
ky20lmt,1bulhj9,32,ImpressiveCourage466,RedN00ble,Gli attivisti non fanno un cazzo se non vandalizzare opere pubbliche e creare disagio,0
ky210xx,1bulhj9,32,ImpressiveCourage466,Particular-Crow-1799,Eh ma il capitalismo √® il sistema migliore possibile,2
ky21oni,1bulhj9,32,ImpressiveCourage466,irtsaca,L'inflazione √® furto legalizzato,1
ky207sa,1bulhj9,32,ImpressiveCourage466,lmilano10,"L'UE va pesantemente boicottata, siamo stanchi di essere schiavi di questa autocrazia",1
ky1yidh,1bulhj9,32,ImpressiveCourage466,lmilano10,"Giusto, impoveriamo pesantemente miliardi di persone cos√¨ i miliardari possono inquinare il doppio senza impattare sull'ambiente, viva il capitalismo!",1
ky1ywuu,1bulhj9,32,ImpressiveCourage466,Reddog1999,"La soluzione √® nazionalizzare le imprese private e rendere pubblici i bilanci e direttamente votabili dal popolo i dirigenti, tutto il resto sono cazzate",1
ky1xwbe,1bulhj9,32,ImpressiveCourage466,SnooGiraffes5692,Iniziassero a dare il buon esempio quelli che predicano bene e razzolano MALISSIMO,1
ky1zf9h,1bulhj9,32,ImpressiveCourage466,oliosutela,E sticazzi,0
ky20enh,1bulhj9,32,ImpressiveCourage466,Tryton4994,"Le leggi le fanno i lobbyisti per conto dei ricchi, non i politici",1
ky1x25b,1bulhj9,32,ImpressiveCourage466,clonea85m09,Praticamente stai dicendo che l'1% pi√π ricco potrebbe anche inquinare il triplo se solo il 90% pi√π povero inquinasse la met√†... Non fa una piega in effetti!,1
kym9cm4,1bulhj9,32,ImpressiveCourage466,nyar_182,"Numeri fintissimi e campati per aria, un bue pesa mezza tonnellata, cio√® 500,000g di manzo, se venissero davvero consumati 1500 litri d'acqua ogni 100g vorrebbe dire che per un singolo bue servirebbero 750 milioni di litri d'acqua. Hai idea di quanti sono?

Capite perch√® vi prendono tutti in giro a voi nazi-vegani ambientalisti?",0
ky1zcjp,1bulhj9,32,ImpressiveCourage466,nyar_182,E quante persone sfami con una mucca intera vs un singolo avocado?,1
ky1z7sh,1bulhj9,32,ImpressiveCourage466,de_kommaneuker,"L'obiettivo del veganesimo militante √® questo, far tornare la maggior parte della popolazione ai livelli di sussistenza da servi della gleba",0
kxu28so,1bulhj9,32,CosmoTwoFins,T_JaM_T,">la quantit√† di acqua che cade sotto forma di pioggia √® di ordini di grandezza inferiore a quella che cadeva sotto forma di neve fino a 10-20 anni fa.

Citation needed",2
kxu4m2o,1bulhj9,32,CosmoTwoFins,stef_eda,"Non √® che se fa freddo a casa tua allora il riscaldamento globale non esiste. E' dall'estate 2023 che l'Italia, anzi l'Europa, anzi il mondo, viaggia quasi costantemente sopra le medie storiche. Ma se vuoi parlare a livello orticellistico, se aspetti altri 3 giorni inizier√† un'ondata di calura estiva e seccume con pochi precedenti storici.",1
kxu3r3q,1bulhj9,32,CosmoTwoFins,VirtuteECanoscenza,"+8 gradi √® una proiezione estrema. Ma √® senz'altro vero che l'Europa si sta scaldando pi√π rapidamente rispetto alla media globale. Ho vicino una stazione meteorologica attiva da un secolo, controllando il suo storico ho notato che circa dagli anni '80 la temperatura media si sta alzando alla velcit√† assurda di circa mezzo grado al decennio. Se il trend continuasse, ci√≤ porterebbe ad un 2100 ben quattro gradi pi√π caldo di oggi. Praticamente il Senegal.",3
kxvi2zw,1bulhj9,32,CosmoTwoFins,SnooCapers4584,Una matita ha pi√π pieghe del tuo elettroencefalogramma,0
kxviehp,1bulhj9,32,CosmoTwoFins,Expert_Owl_2109,">il caldo anomalo nel 2011 √® durato pi√π di due settimane

Ma non 10 gradi sopra la media. Quello √® successo un solo giorno a causa di una risalita prefrontale richiamata da un'area di bassa pressione. Questa volta sar√† una settimana buona con quei valori.

>questo aprile sar√† caldo ma dubito che possa eguagliare quei mesi

Ci vediamo fra un mese.",1
kxu33au,1bulhj9,32,CosmoTwoFins,Expert_Owl_2109,"Il problema non sono i valori estremi di un giorno, ma le medie protratte per vari giorni. L'ondata di calore che sta per arrivare sar√†, almeno al sud, una decina di gradi sopra la norma. Non per un giorno come √® successo nel 2011, ma per una settimana. E niente pioggia in vista neanche dopo. In pratica sar√† un reenactment del luglio 2023 ma in chiave primaverile.",0
kxtreaj,1bulhj9,32,DocKuro,1010110110110001,ma poi... competere? in che cosa dovrei competere? perch√© la gente scema la deve sempre mettere sulla competizione? vuoi anche misurare la lunghezza del cazzo a questo punto?,2
kxtr9iz,1bulhj9,32,DocKuro,1010110110110001,"ma le sai leggere le cose che posti o guardi solo i bei colori? perch√© nel grafico c'√® scritto che negli ultimi 32 anni la Norvegia ha aumentato le emissioni totali dell11% (34 anni -> 11%!!!)

E negli ultimi 17 invece le ha ridotte del 6%... ma di che incrementi parli?",2
kxtqa1h,1bulhj9,32,DocKuro,1010110110110001,"https://preview.redd.it/k410jtdm68sc1.png?width=876&format=png&auto=webp&s=9b466107e9a165804f26e8504a9aaa56bf68f131

ciao bella pera, questo √® il sito che hai appena linkato... dove sarebbe l'aumento di emissioni del 200% della Norvegia?",3
kxtq2b7,1bulhj9,32,DocKuro,1010110110110001,"s√¨, e le notizie che trovo io (e di cui posto i link) dicono il contrario di quello che dici te...",0
kxtlj65,1bulhj9,32,DocKuro,1010110110110001,"MA   
CHE   
CAZZO  
DICI!

Questo √® proprio il solito discorso del cazzo di chi vuole lavarsene le mani e fare finta che la colpa non sia anche sua.

Manda dei link (affidabili magari) dei dati che hai scritto perch√© a me risulta proprio il contrario di quello che hai detto.

Non si cambia una sistema energetico basato sul fossile dall'oggi al domani? Hai ragione, ci vogliono un paio di anni, guarda [cosa ha fatto la Germania](https://www.ilsole24ore.com/art/germania-il-boom-rinnovabili-gas-serra-tornano-livelli-anni-50-AFS5pmFC) ultimamente, v√†",5
kxtm017,1bulhj9,32,DocKuro,Solid_Assistant_3505,"ahahahahahahah!     
No...     
ci sono condizioni compatibili con la vita e altre no, altrimenti vivremmo anche su altri pianeti.    
al momento stiamo cercando con tutte le nostre forze di rovinare anche le condizioni su questo pianeta.  

Occhio, non stiamo ""rovinando il pianeta"", a lui infatti non gliene frega un cazzo che miliardi di esserini gli calpestino la superficie, stiamo solo distruggendo il suo ecosistema, che √® quella cosina che ci permette di vivere.",8
kxtq0rp,1bulhj9,32,DocKuro,Elegant_Link4222,"esattamente il contrario, evidentemente non hai letto l'articolo che ho postato.  Ha spento le centrali nucleari, MA STA SPENGENDO PURE QUELLE A CARBONE.  

la soglia delle rinnovabili lo scorso anno ha toccato il 60%",-1
kxtm403,1bulhj9,32,DocKuro,MrPinguinoEUW,"certo, senza considerare per√≤ il collasso economico, tecnologico e scientifico che ne deriverebbe.  

ah che bello tornare a vivere nelle caverne!",1
kxtk6ok,1bulhj9,32,le-monde-ou-rien,1010110110110001,scusa ma tu hai mai visto una montagna nei film di fantascienza distopici alla black mirror? mica l'acqua arriver√† da li in futurooooo tranquilliiiiiiiiiiii :D,-2
kxtkoyy,1bulhj9,24,Dark_Ansem,rotopono,"Non esiste un problema di ""parte di mondo"" geografica, sono le multinazionali il problema",-1
kxurtvw,1bulhj9,24,Dark_Ansem,TightlyProfessional,"Si, quello che tu non hai letto causa una grave patologia proctologica che ti affligge",2
kxtmn4h,1bulhj9,24,Dark_Ansem,TightlyProfessional,"No, per√≤ ho visto gli ultimi report. Sei analfabeta?",1
kxtjxpv,1bulhj9,0,Pale_Ad664,Tiberio1973,no,2
kxuhxwx,1bulhj9,32,Blitzer161,Dangerous-Practice-6,Dillo ai tuoi figli e ai tuoi nipoti,1
kxujdsj,1bulhj9,32,Blitzer161,carburo87,A me sembra che te lo sia inventato tu,1
kxui040,1bulhj9,32,Blitzer161,carburo87,Che sarebbe l'ecoansia?,1
kxui977,1bulhj9,32,Blitzer161,SnooCapers4584,"""Credi"" o sei scemo o non sai leggere. Ci sono vari report su questa cosa.",1
kxuk0wc,1bulhj9,32,Blitzer161,lordwotton77,"Non come te.

Io non ho attaccato te, tu hai dichiarato che il cambiamento climatico fosse una ""psyop"" e ti ho chiesto di presentare delle prove. Se vupi giocare a fare lo scienziato fallo per bene.",0
kxujb7v,1bulhj9,32,Blitzer161,lordwotton77,"Sei tu lo sconosciuto su reddit che millanta amici ricercatori che non puoi provare. Se conosci dei ricercatori saprai benissimo che alle ci√≤ che √® scientifico non si ""crede"", ma si prova. Con degli studi.

Sai dovresti imparare a pensare con la tua testa.",-1
kxuimg4,1bulhj9,32,Blitzer161,lordwotton77,"Credo ai report scientifici, ma se tu pensi di sapere pi√π di loro pubblica i tuoi studi. Altrimenti taci.",0
kxuic99,1bulhj9,32,Blitzer161,lordwotton77,Certo certo... beato te...,1
kxui61l,1bulhj9,32,Blitzer161,Dylan_Cane,Mah... non so... Forse perch√® potremmo crepare? Se non noi o mostri figli/nipoti? Ma forse eh...,1
kxti9a1,1bulhj9,32,Superarkit98,carburo87,"Apposto allora, immagino che non vi serva altro aiuto",1
kxti5fy,1bulhj9,32,Superarkit98,carburo87,Proteggono anche casa tua?,1
kxthxek,1bulhj9,32,Superarkit98,carburo87,Poi per√≤ piangete perch√© siete sempre con le caviglie sott'acqua,4
kxtlsdj,1bulhj9,36,ponchietto,Nik-42,"Perch√® occidentale? Per le emissioni l'Europa √® in calo, gli stati uniti costnti l'asia in crescita molto rapida, lafrica sar√† la prossima.

https://ourworldindata.org/grapher/annual-co-emissions-by-region",3
kxul2mu,1bulhj9,36,ponchietto,SaPpHiReFlAmEs99,"Una cippa, le emissioni pro capite dell'Europa (in discesa) sono pi√π basse di quelle della Cina (in salita).

https://www.iea.org/reports/co2-emissions-in-2023/the-changing-landscape-of-global-emissions",1
kxudmv0,1bulhj9,36,ponchietto,AbberageRedditor69,"Il singolo non conta, ma se li metti tutti insieme contano eccome.

Il mare √® fatto di goccie, ma tu non ci arrivi e pazienza.",3
kxtnb8z,1bulhj9,0,gattomangiafuoco,EasyEstablishment826,"√à un problema in quanto questo cambiamento sta avvenendo ad una velocit√† assurda rispetto a ogni cambiamento naturale. Questi ultimi inverni soprattutto nell appennino sono stati una cosa da pazzi. Anticiclone a gennaio e neve che si √® fatta vedere pochissimo, se guardi la neve sul gruppo del gran sasso sembra un paesaggio di maggio.
Ripeto questo cambiamento √® stato rapidissimo perch√© ad esempio 6 anni fa gli inverni portavano almeno il doppio se non io triplo della neve di questi ""inverni"".
Questo causer√† sicuramente problemi idrici durante l'estate.
Inoltre ci terrei a sottolineare che le zone che registrano anomalie di caldo sono molte di pi√π di quelle che registrano anomalie di freddo.",4
kxtm7jg,1bulhj9,32,_samux_,Dylan_Cane,"perch√© √® il nostro modo di vivere che ha generato questa situazione ora non so te, ma io di schiattare d'infarto perch√© ci sono 42 gradi che con l'umidit√† diventano 49 per il corpo, ci tengo poco.",5
kxtm4ao,1bulhj9,32,_samux_,theenkos,"> creare molti pi√π laghi per contenere l‚Äôacqua piovana

usiamo il superbonus per costruirli ? spero tu ti renda conto degli sforzi di costo e risorse che questo comporta",3
kxtvmhp,1bulhj9,32,_samux_,sourfuture,grazie!,2
kxtupqg,1bulhj9,32,_samux_,sourfuture,"l'IPCC ha redatto un bel volumone di 800 pagine con consigli vari. la politica dovrebbe leggere e vedere che cosa implementare .

> si tramuta in un peggioramento notevole delle condizioni di vita delle fasce medio basse

no. smettere di mangiare l'avocado che arriva dall'altra parte del mondo perch√© hai deciso di seguire lo stile di vita dei vegani influencer su tiktok non √® un peggioramento delle condizioni di vita.

avere delle infrastrutture di trasporti che ti permettano di viaggiare con metodi alternativi all'auto o all'aeroplano non √® un peggioramento delle condizioni di vita anzi, quando ti ritrovi un sacco di soldi in tasca perch√© sei uscito dal tunnel succhia soldi che √® l'automobile ti renderai conto del contrario. certo che se il governo spinge a creare strade e basta, non solo non sta migliorando le condizioni di vita delle persone ma le mette in una precisa situazione economica e non fa diminuire le emissioni",3
kxtpe5d,1bulhj9,32,_samux_,capp_head,e fare qualcosa per rallentare il processo no?,0
kxtj2yc,1bulhj9,32,VamosAlaPlaya75,lucazpf,Quindi?,1
kxtis20,1bulhj9,32,VamosAlaPlaya75,lucazpf,"Ma basta confondere il meteo col clima, allora da me √® sopramedia cosa c'entra?",8
kxtk19p,1bulhj9,34,JackColon17,Potential-AI,Non ti preoccupare,2
kxtjl12,1bulhj9,34,JackColon17,Potential-AI,"Il meme √® quello non √® che me lo posso reinventare e  comunque non devi per forza rispondere da stronzo, non √® obbligatorio",5
kxtjber,1bulhj9,34,JackColon17,Potential-AI,Non c'√® guerra in ba sing se,5
kxuy6ue,1bulhj9,61,clonea85m09,nickpsc,"Sono entrambe cose di nessun conto, l'aviazione globalmente emette circa il 2% del gas serra, e l'aviazione privata meno dell'1% del totale dell' aviazione.  Conta che fare la strada in aereo privato o in macchina inquina circa lo stesso (~200 al km per le macchine e ~250 al km per i jet privati), se invece erano in pi√π di 5/6 sul volo per persona inquina meno che fare la strada in macchina.

Bisogna aumentare la percentuale di energia elettrica da fonti rinnovabili, l'elettricit√† √© tipo un terzo del totale delle emissioni. Per dire tutto il settore manifatturiero e agricoltura assieme emettono meno dell'a generazione di energia elettrica. (O almeno era cos√¨ nel 2019).",1
kxxlkuk,1bulhj9,61,clonea85m09,zenotds,"Non necessariamente, gli esperti danno almeno un 30% di nucleare, per il resto solare ed eolico fanno anche bene. C'√® ovviamente bisogno di una fonte che non sia dipendente dal clima per girare.

Ovviamente per√≤ il nucleare non lo vedremo neanche col binocolo, semplicemente perch√© costa troppo, gli impianti eolici e fotovoltaici grossi sono a portata di spesia di un equivalente di ENI, il nucleare deve metterlo su lo stato, sono una mezza finanziaria a centrale e 10 anni di costruzione tipo. Te la vedi Giorgia farlo? (Men che meno la segretaria del PD).",0
kxtu74b,1bulhj9,36,Wesk333,ElleOsel997,"Si per√≤ io stando attento, prendendo le cannucce in plastica biodegradabile o di carta, avendo la macchina a metano, facendo la differenziata e quant'altro inquino un tot di meno quando poi ci sono i ricchi che per andare a vedere il superbowl, la fidanzata, la partita di basket, il concerto di qualcuno o farsi una vacanza si spostano con l'aereo privato, lo yacht o PEGGIO ANCORA, se loro si spostano non con il jet, il mezzo comunque si sposta nell'aeroporto pi√π vicino dove poter stazionare nel caso servisse di nuovo. Dai adesso, se dovessimo togliere super yacht, navi da crociera, jet privati e quant'altro vedi che il livello di inquinamento si abbasserebbe alla velocit√† della luce

Questi inquinano in un viaggio pi√π di un paesino di provincia, √® inutile dire ""siamo noi che dobbiamo fare il possibile"" quando c'√® la parte fortemente inquinante che se ne sbatte alla grande e distrugge il nostro pianeta per comodit√† e soldi.",35
kxu0uok,1bulhj9,36,AbberageRedditor69,ElleOsel997,"Il tuo invece √® il classico discorso di chi vuole sentirsi meglio con se stesso e non riesce a rendersi conto che nel concreto l'impatto del singolo √® totalmente insignificante e trascurabile. Tanto idealismo ma poi nella realt√† tu potresti pure andare a vivere in una caverna e per il pianeta non cambierebbe nulla. Tu continua pure a fare i tuoi sacrifici se ti fa stare bene con te stesso per√≤ eh, ben venga.",9
kxvihu6,1bulhj9,36,AbberageRedditor69,ponchietto,"Il discorso √® sempre lo stesso e mi sono stancato di farlo, se 1.000.000 di persone fa una cosa e se invece la fanno 999.999 non cambia nulla, potete fare tutta la retorica che volete ma l'impatto del singolo che non fa attivismo o simili (ergo che non si mette volutamente a cercare di cambiare il punto di vista altrui) √® infimo. 

Stesso identico discorso delle elezioni, ma la gente sta cosa della collettivit√† ormai la ripete a pappagallo senza mai fermarsi e pensarci seriamente. 

Il mare √® fatto di gocce e ne togli 1 non cambia nulla, ma voi non ci arrivate e pazienza 

E ti rispondo subito al ""eh ma se tutti poi fanno come te..."", peccato la realt√† non sia cos√¨ perch√© l'azione mia non ha impatto su quella altrui. Lo avrebbe se facessi attivismo ma la stragrande maggioranza della gente non lo fa e io non lo farei in ogni caso quindi nel mio caso non √® un fattore esistente. 


Ma vabb√®. Non ci arrivo io. Voi continuate pure a privarvi (inutilmente) per soddisfare un bisogno morale, contenti voi lol",0
kxu2gm6,1bulhj9,36,kiodos,ElleOsel997,"Si ma statisticamente chi osteggia pi√π un cambiamento reale del comportamento non sono i singoli individui, ma le grandi multinazionali e le aggregazioni di potere con le loro lobbies installate in permanenza a Bruxelles.

Questa presa di coscienza √® vecchia di decenni ed √® chiaro anche al pi√π sprovveduto che non sta cambiando nulla, anzi se possibile stiamo persino peggiorando, a causa di un consumismo ed una visione del mondo imposta dal capitalismo e dalle multinazionali.

Abbiamo voglia a fare piccoli discorsi sul tuo consumo quotidiano e piccole accortezze ridicole quando sono proprio dei concetti, dei valori fondanti della nostra societ√†, che andrebbero rivisti da zero.

- Il capitalismo √® incompatibile con la sostenibilit√†
- la globalizzazione √® incompatibile con la sostenibilit√†
- la sovrappopolazione di alcune aree del mondo √® incompatibile con la sostenibilit√†
- il consumo dell‚ÄôOccidente √® incompatibile con la sostenibilit√†
- in genere, il voler detenere un potere geopolitico a livello mondiale √® incompatibile con la sostenibilit√†

Questi semplici presupposti se applicati veramente, profondamente, sconvolgerebbero il nostro mondo in una maniera shoccante, non so chi potrebbe essere veramente pronto per un tal tipo di cambiamento.

Un esempio pratico: si fa un gran baccano sulla mobilit√† personale (vedi automobili). Si pensa che passare all‚Äôelettrico risolva il problema ma ormai √® dimostrato che stai solo spostando l‚Äôinquinamento altrove. Inoltre inquini di pi√π con tutta la storia delle terre rare e la loro estrazione. La vera auto che non inquina √® quella che non si cambia. Se tu hai da 20-30 anni la stessa auto certamente hai contribuito di pi√π all‚Äôambiente che cambiarne una ogni 7 anni, anche se fosse elettrica. Poi, chi ha detto che l‚Äôelettrico inquina meno? 20-30 anni si poteva gi√† produrre auto che andava a 1L/100km, magari limitate a 100 km/h Max, ma lo si √® fatto ? Se per legge italiana o europea fosse stato imposto che si dovevano produrre auto con potenza massima, che so, 60CV e velocit√† massima 100km/h con dei consumi massimi, magari staremo girando da 20 anni con questo tipo di macchine. Ma si gridava al libero mercato, alla castrazione dell‚Äôutente, al cartello dell‚ÄôOPEC che minacciava di decuplicare il prezzo della benzina, etc ‚Ä¶

Quindi, esattamente, che battaglie contro i mulini a vento dovremmo fare noi cittadini quando √® proprio la struttura della societ√† √® sbagliata dalle fondamenta?

Come diceva Grillo (che comunque rimane un ottimo comico): che bisogno hai di consumare una mozzarella sparata ai 200km/h su un treno ad alta velocit√† che ti arriva dall‚Äôaltra parte del paese? Non puoi comprartela vicino a te? E davvero hai bisogno che i tuoi semilavorati industriali viaggino per mezza Europa perch√© un‚Äôoperazione la fai qui e un‚Äôaltra la fai la e l‚Äôinscatolamento in un altra parte ancora ? Ed infine invece di esportare tonnellate di cibo all‚Äôestero e importarne altrettante dall‚Äôestero perch√© non auto produrre sul territorio ? (Famosa √® la battuta dei biscotti: se perch√© invece di scambiarci tonnellate di biscotti da e per l‚Äôestero , non ci scambiamo la semplice ricetta ?)",7
kxw68tc,1bulhj9,36,kiodos,Hrontor,"Non ho parlato di minor consumo , ma minor emissioni.

La storia dei 100 km/L era per dire che gi√† da decenni abbiamo la tecnologia per consumare E emettere poco , a patto di ridurre anche le prestazioni di un‚Äôautovettura.

Per il discorso energetico: √® complicato. 

Abbiamo del rinnovabile che sicuramente va bene ma √® una percentuale minore del consumo: proprio oggi girava qui su Reddit la mappa delle nazioni importatrici di energia e noi come Italia siamo il maggior importatore europeo (di gran lunga). La maggior parte dell‚Äôelettricit√† prodotta poi √® da turbine a gas che convertono con un rendimento 45% max, l‚Äôelettricit√† va trasportata con una perdita media del 10% in bassa tensione e 4% in media tensione (fonte ARERA), non pu√≤ essere stoccata efficacemente ed infine riconvertita da elettricit√† a potenza meccanica con una conversione del 90%‚Ä¶quindi il rendimento finale dal metro cubo di gas alla ruota si aggira intorno al 36%.

Un motore termico a benzina si aggira sul 40% di rendimento dal litro di benzina grezzo, con rendimenti maggiori se si parla di gas metano.

Per quanto riguarda la produzione e raffinazione di benzina non sono troppo informato ma escludo che per il processo di cracking del greggio si usi corrente elettrica ma piuttosto combustione di gas fossile che viene estratto in abbondanza in contemporanea all‚Äôestrazione del petrolio (di solito flussi multifase di greggio/metano/vapore acqueo/solido)",1
kxuobs4,1bulhj9,64,Ok_Following_3104,preputio_temporum,si non lo metto in dubbio. il problema √® che non avresti pi√π un sistema industriale. e soprattutto che per ‚Äòricchi‚Äô sicuramente verrebbe intesa la classe media. √® un po‚Äô come se ti dicessi che potremmo usarla 5 miliardi di volte sul 90% pi√π povero. tanto non ne faccio parte ü§£,-3
kxtt232,1bulhj9,32,Krist794,lmilano10,"Ma poi il discorso delle grandi nazionali √® proprio idiota, come se Zara inquinasse per sfizio. Inquinano perch√® la gente si compra 10 vestitini da indossare una volta e buttare poi. La societ√† consumista √® il problema, dai ricchi, ai finti ricchi, fino ai poveri che cercano di emulare le loro colpe. 

Sicuro la fonte di inquinamento numero uno non √® il contadino cinese che vive come se fosse ancora il 1400 nel paese in via di sviluppo, ma magari Giovanna (nome a caso) che ogni weekend manda il conto a zero facendosi un giro in Ryanair e air B&B per l'europa per postare 4 foto su IG. 

Basta vedere due video di rapper o presunte star/influencer, l'ostentazione del possesso √® IL valore che permea la nostra societ√†, e ovviamente ha un costo in termini ambientali che sta mandando in rovina il mondo. 

Da ingegnere che si occupa di questi temi la situazione √© allucinante. Il petrolio √© una roba meravigliosa ragazzi. Ci ha portato sulla luna e indietro. Ci permette di fare di tutto, ma √© limitata e ha delle conseguenze se usata eccessivamente. Si pu√≤ usare il petrolio in modo ambientalmente coscienzioso, sempricemente compensando quello che bruciamo con strategie di riforestazione oppure semplicemente consumandone quantit√† che il pianeta √© gi√† equipaggiato a gestire. 

Tutte le nostre risorse petrolifere sono come un enorme eredit√† lasciata da nonna. Ci sembra infinita perch√© prima vivevamo con poco. Ma il modo in cui la stiamo usando ora √© l'equivalente di coca, mignotte, e schedine snai per sostenere il tutto a lungo termine. √â follia.",15
kxu9nv0,1bulhj9,32,HeavyAbbreviations63,lmilano10,"""\[...\] dipendono dalle scelte dei consumatori?"", non sai niente di marketing, vero? O hai una visione ancora romantica dell'economia del secolo scorso, quando ancora non ci applicavano studi di psicologia e neuroscienze in quest'ambito. Quando era in voga ancora il pensiero magico/religioso sul libero arbitrio.

La gente non √® che oggi fuma di meno perch√© con le proprie non azioni le aziende hanno iniziato a... a far cosa? Vendere meno? Solitamente si reagisce cambiando il marketing o il prodotto per spingere di pi√π alla vendita. Vedi che non funziona nemmeno come causa ed effetto? Ma in quanto si √® obbligato alle aziende a cambiare il loro comportamento che la gente fuma di meno.",1
kxu7iu4,1bulhj9,32,HeavyAbbreviations63,lmilano10,"""\[...\] alle grandi multinazionali \[...\]"", beh, non so quanto Microsoft inquini ma solitamente l'inquinamento non viene fuori da generiche grandi multinazionali, ma da alcuni settori molto specifici e in primis energetici. Poi si parla, in quel grafico, di azioni del consumatore. Lo sai che le azioni del consumatore dipendono proprio da chi vende il prodotto? A partire dal marketing, imballaggio ed ecc... se al consumatore viene detto di buttare le bottiglie di plastica nel riciclabile, c'√® in primis il produttore che decide di usare le bottiglie di plastica.

(Tolgo dal discorso i ricchi perch√© escludendo quando fanno casini in prima persona, di per se non √® che inquinano cos√¨ tanto in realt√†.)",1
kxtmeoo,1bulhj9,32,BetterUseFakeAccount,oliosutela,"Meno male che qualcuno lo dice, grazie. 
Passando a una dieta vegetariana o perlomeno riducendo il consumo di carne e derivati (di qualsiasi tipo) ecco che voil√† il consumo idrico crolla.

Edit: e non solo il consumo idrico ma anche di suolo, l'inquinamento di aria e acqua e terreni ecc",17
kxuy1v7,1bulhj9,32,BetterUseFakeAccount,robnet77,Ma cosa c'entra l'avocado. Come se fosse l'unica alternativa alla carne üòÇüòÇüòÇ,2
kxudzvo,1bulhj9,32,BetterUseFakeAccount,Drexer_,"I nostri nonni la mangiavano una volta al mese, altro 2-3 a settimana",6
kxtjnsg,1bulhj9,32,andrea_ci,theenkos,"""soluzione"".

hai una strana idea di cosa sia una ""soluzione"".",-2
kxzfhwq,1bulhj9,32,Alastor666,stef_eda,"ok ma parlando di soluzioni effettive a livello nazionale, l'Italia non √® che sia piena di valli fluviali, la maggior parte della penisola o sono coste o sono montagne, e poi le sacche libere non industrializzate dove hai lo spazio e la prosperit√† economica per adibire un terreno di tot dimensioni che non faccia reddito sono quasi nulle.

tra 20/30 anni quando la nostra popolazione sar√† in forte calo, allora si potr√† iniziare a parlare di soluzioni del genere. ma il grosso della popolazione √® ancora in fase pensionamento se non alla fase prima, quindi questi discorsi sono abbastanza prematuri.",1
kxtmuur,1bulhj9,32,Alastor666,theenkos,"riusciamo a stento a trovare lo spazio per fare dei parchi ogni tanto, che almeno hanno una loro utilit√†, mi spieghi dove metteresti dei laghi artificiali che verrebbero riempiti se va bene tre mesi l'anno?",0
kxvedmm,1bulhj9,32,AndreBellu22,VeronikaVelo,La neve artificiale si scioglie e viene incanalata in buonissima parte di nuovo negli invasi,1
kxuah1y,1bulhj9,32,ABrandNewCarl,stef_eda,"Se il sindaco non avesse proibito le diesel euro 4 avrei ancora la macchina vecchia ma gli ambientalisti fanno pressioni e l'eu mette vincoli sempre pi√π stringenti.


Quando non potr√≤ pi√π permettermelo in citt√† non ci andr√≤ pi√π salvo che per lavorare.",1
kxtt3ht,1bulhj9,32,Norel19,Decapsy,"Forse perch√© lui conta di vivere almeno altri 50 anni mentre chi ne ha molti pi√π anni ha un orizzonte molto pi√π ridotto.

Combinalo con l'individualismo (egocentrismo?) imperante ed hai la tua risposta.

Conta poi che in generale con l'et√† si sono accumulate pi√π delusioni, sfiducia nel prossimo/umanit√† e nella propria capacit√† di cambiare le cose e si hanno meno energie da investire per il futuro.

Questo anche in chi √® altruista.

La bolla dei media fa poi sentire queste persone ancora pi√π sole ed impotenti ed il cinismo prende il sopravvento.",5
kxts3hs,1bulhj9,32,Norel19,Alastor666,"Nelle valli fluviali che lo permettono con delle dighe.

Non certo in citt√†. 

Poi sarebbe una pezza pi√π che una soluzione, ma meglio del niente attuale.",2
kxtvupn,1bulhj9,32,Affectionate-Fee-498,Decapsy,"Beh quelli che hanno 50+ anni adesso sono anche la generazione (insieme a quella precedente) che ha portato questo pianeta sull'orlo del baratro, non mi aspetterei nulla di meno",3
l8gm3qs,1bulhj9,32,DullEstablishment183,ectoderma,Comunque fa piacere vedere che c'√® gente della mia gen (inizio anni 2000) che se ne frega del modello consumistico e pecorone inculcato dalle vecchie generazioni.,1
l8gkg13,1bulhj9,32,DullEstablishment183,Decapsy,"Colpa di sti boomer di merda. Non tutti eh,per√≤ alcuni delle vecchie generazioni  godono del male che hanno fatto al pianeta.",1
kxu6xj2,1bulhj9,32,AndreaLuke,SynovialRaptor,"Scusami, riscrivo il commento allora: 

E altre 100 storie per giustificare l'acquisto di un mezzo da 3 tonnellate pieno di batterie che per essere costruite hanno devastato interi territori in ~~Africa~~ ***Sud America*** e hanno inquinato falde acquifere per i prossimi decenni. Per√≤ ehi, guarda come sono green con il mio nuovo SUV elettrico, mica come l'operaio con la panda vecchia di 20 (che in realt√† inquina infinitamente meno di chi ha rottamato il SUV benzina di 5 anni per comprarsi il nuovo suv elettrico, magari prendendo pure qualche bonus).",3
kxu1y2s,1bulhj9,32,AndreaLuke,SynovialRaptor,"E altre 100 storie per giustificare l'acquisto di un mezzo da 3 tonnellate pieno di batterie che per essere costruite hanno devastato interi territori in Africa e hanno inquinato falde acquifere per i prossimi decenni. Per√≤ ehi, guarda come sono green con il mio nuovo SUV elettrico, mica come l'operaio con la panda vecchia di 20 (che in realt√† inquina infinitamente meno di chi ha rottamato il SUV benzina di 5 anni per comprarsi il nuovo suv elettrico, magari prendendo pure qualche bonus).",4
kxu0olo,1bulhj9,32,AndreaLuke,lmilano10,"Parafrasando il tuo commento: ""Non spariamo cazzate, potrei capire il ragionamento se io fossi 7 miliardi ciascuno con la propria auto a benzina, ma quanto pu√≤ contare l'inquinamento **aggregato** per l'utilizzo sporadico che ne faccio io in tutto il mondo ogni anno?""",2
kxtv8i6,1bulhj9,32,AndreaLuke,lmilano10,Ma allora non rompermi le scatole se non compro l'auto elettrica. Cosa vuoi che sia l'inquinamento della mia auto a confronto di quello di tutte le auto delle altre persone?,5
kxu0ykx,1bulhj9,32,AndreaLuke,Vind-,Illuminani tu allora con una LCA che tenga in considerazione anche l'inquinamento dovuto all'estrazione delle materie prime e delle terre rare per la costruzione delle batterie e magari tenga anche conto dei danni alle comunit√† africane a cui viene tolta la terra per farci una miniera.,4
kxtwlip,1bulhj9,32,AndreaLuke,Vind-,"Intendi l'analisi del ciclo di vita? Sono state fatte, ma confrontano auto della stessa categoria e poi tutto il ragionamento viene applicato all'operaio con la panda. Mi spiego meglio. La tesla da due tonnellate e mezzo e 400 cavalli viene confrontata con un SUV da 2 tonnellate e mezzo e 400 cavalli (che quindi presumibilmente consuma come una petroliera e per costruirlo sono state necessarie grosse risorse). Da questo confronto esce che la tesla da 2 tonnellate e mezzo, in tutto il ciclo di vita, inquina un po' meno del SUV da 2 tonnellate e mezzo e 400 cavalli. Poi questo ragionamento viene utilizzato per dire all'operaio con la panda (che inquina un quarto del SUV da 2 tonnellate e mezzo) che deve comprare la tesla per essere green (quando in realt√† inconsapevolmente √® lui quello che inquina di meno tenendosi una panda vecchia di 20 anni, non il dirigente d'azienda che rottama il suo SUV di 5 anni e compra una tesla da 2 tonnellate e mezzo che verr√† sostituita dopo 5 anni perch√© esce il modello nuovo).

Tutto questo considerando le emissioni di CO2 che per√≤ non sono gli unici inquinanti. Se consideri l'inquinamento per l'estrazione delle materie prime per produrre le batterie il problema √® ancora peggiore.",4
kxtupbk,1bulhj9,32,AndreaLuke,Vind-,Immagina pensare che una tesla da 2 tonnellate sia pi√π ecologica di una panda.,2
kxtv21v,1bulhj9,32,AndreaLuke,leenobunphy,"Il problema √® che questo qualcosa lo deve fare lo stato. Ma la popolazione ha zero voce in capitolo su quello che fa lo stato. Potremmo anche essere tutti d'accordo, per esempio, sul vietare gli imballaggi di plastica, ma se poi vai al supermercato e trovi tutto imballato nella plastica non hai scelta. In questo esempio servirebbe una legge che vieta l'uso di imballaggi di plastica. E potremmo essere tutti d'accordo su una legge del genere. Ma finch√® lo stato non la scrive questa legge, non cambier√† nulla.",2
kxu2iwr,1bulhj9,32,AndreaLuke,Tryton4994,">allora che cosa si pu√≤ fare? Solo aprire la bocca e parlare tra di noi, non serve a niente? Immagina se non se ne parlasse proprio allora.

Certo, parlarne va benissimo. Io volevo solo sottolineare quanto l'azione del singolo che cerca di inquinare meno in un mondo capitalista sia quasi inutile. Ogni tot persone che evitano di prendere l'auto per andare al lavoro c'√® un riccone che si va a fare le vacanze in jet privato. Bisognerenne parlare e agire a proposito di quello (e di tutto il sistema capitalista in generale).",2
kxtwy30,1bulhj9,32,AndreaLuke,Tryton4994,"Guarda che stai dicendo queste cose a una persona che gi√† fa molto per inquinare meno (uso per la maggior parte del tempo la bici, vado in ferie in treno, evito le cose imballate in un quintale di plastica...) e nelle conversazioni con amici e conoscenti la questione ambientale spesso salta fuori. Il problema √® che non contiamo niente nelle decisioni che vengono prese. Lo stato non tutela il cittadino, fa gli interessi dei ricchi che finanziano la campagna elettorale dei politici. Puoi andare a votare chi ti pare, ma non cambier√† nulla.",1
kxtvkjt,1bulhj9,32,AndreaLuke,Tryton4994,"Pensi seriamente di risolvere qualcosa cos√¨? Se ti fa sentire in pace con te stesso fallo (le faccio anche io tutte queste piccole cose per inquinare meno e cercare di riutilizzare le cose il pi√π possibile), ma bisogna essere oggettivi. Il problema si risolve solo collettivamente (per esempio con delle leggi). Vuoi risovere il problema degli imballaggi di plastica? La soluzione √® fare una legge che tassi gli imballaggi di plastica in modo da non renderli convenienti oppure vietarli direttamente (tranne nei casi in cui sono effettivamente necessari).",2
kxu1kty,1bulhj9,32,Elvis1404,SynovialRaptor,"Anche l'auto elettrica inquina (meno), gomme e pastiglie dei freni rilasciano polveri sottili (pi√π di un'auto classica visto l'elevato peso)",1
kxu3rd1,1bulhj9,32,Elvis1404,stef_eda,"Se produrre una termica ""costa"" 14T di CO2 e una elettrica 20T (cifre a caso), la elettrica mi durer√† abbastanza da permettermi di percorrere pi√π chilometri rispetto a quelli necessari alla termica per produrre 6 tonnellate di CO2? Altrimenti se cambio l'elettrica con un'altra elettrica prima di quel chilometraggio/tempo (magari guido poco e a produrre quella CO2 con una termica ci metto 20 anni, quegli anni molte elettriche, anche se usate poco, non li durano a causa di batterie e softwares) inquino ancora pi√π di prima.",3
kxu2mfa,1bulhj9,32,Elvis1404,niccotaglia,Non ironicamente se fai pochi chilometri inquini meno di un fumatore,2
kxtzegd,1bulhj9,32,sourfuture,Tryton4994,"Per quanto possa magari essere fin troppo autoritario come atteggiamento preferisco delle imposizioni dall‚Äôalto. Ovviamente ci sarebbe da discutere su che tipo di imposizione e in che modo applicarle. In questo modo provocheresti dei cambiamenti nel breve periodo e sul lungo periodo probabilmente muterebbe anche la morale. Ma appunto bisogna discutere su cosa imporre e come farlo. Io non credo nel cambiamento dal basso, non nella nostra epoca di relativo comfort generale e individualismo sfrenato. (e in parte io stesso sono abbastanza pigro da preferire delle regole imposte dall‚Äôalto invece di autoimpormele ma questo vale per altri aspetti della vita)",2
kxtufzi,1bulhj9,32,sourfuture,Tryton4994,Ho i miei dubbi,2
kxtt1zf,1bulhj9,32,sourfuture,Tryton4994,Capisco il tuo punto ma non penso sia sufficiente,2
kxtuzgu,1bulhj9,32,sourfuture,_samux_,Ti do completamente ragione,2
kxttdt2,1bulhj9,32,sourfuture,_samux_,E la soluzione quale sarebbe? Perch√© ci√≤ che viene proposto dagli ambientalisti si tramuta in un peggioramento notevole delle condizioni di vita delle fasce medio basse,0
kxugcn8,1bulhj9,32,sourfuture,Rough-Confidence-232,Ti rispondo in privato,1
kxty208,1bulhj9,32,Il_Dordollano,Tryton4994,"Certo sono d‚Äôaccordo con te.

L‚Äôumanit√† in ogni caso a breve termine non dovr√† estinguersi necessariamente, ma ridimensionarsi in numero. Basterebbe essere 500 milioni di individui sparsi sulla terra e non ci sarebbero grossi problemi di impatto.

Il problema √® che siamo 8 miliardi‚Ä¶",2
kxtwrsq,1bulhj9,32,Il_Dordollano,Tryton4994,"Non lo so, pi√π mi informo sull‚Äôargomento pi√π penso che non si possano conciliare gli stili di vita occidentali  e il desiderio di avere quello stile di vita degli altri miliardi di persone nel resto del mondo con un impatto sul cambiamento clima.

Per poter avere un impatto attivo sul corrente cambiamento climatico non solo dovremmo avere emissioni 0, ma anche assorbire una parte della CO2‚Ä¶. Cosa effettivamente impossibile a meno di una estinzione di massa.",1
kxtux42,1bulhj9,32,Il_Dordollano,Tryton4994,"Ma questo ha un impatto minimo‚Ä¶

Bisognerebbe rompere su:
- non fare viaggi
- non comprare auto
- non riscaldare la casa
- comprare molto poco e soprattutto cose locali
- lavarsi poco e con acqua fredda

Purtroppo queste cose ‚Äúscomode‚Äù hanno impatti enormi. Ma la qualit√† della vita cambia, ed √® per questo che convincere le persone √® difficile.",1
kxtx1rn,1bulhj9,32,Il_Dordollano,Biowolf87,"Direi proprio che non √® progressismo. √à il modo che un individuo ha per ridurre le emissioni, non c‚Äô√® filosofia dietro.",2
kxtqzcy,1bulhj9,32,Elegant_Link4222,DocKuro,"Una cazzata immonda da parte dei tedeschi, in quanto il geotermico ha un altissimo tasso di dispersione mentre fotovoltaico ed eolico tutto ci√≤ che non emettono in 15 anni ( ciclo di vita ridicolo), lo emettono tutto in una botta tra smaltimento batterie di accumulo e fusione pannelli e pale ( che non sono riciclabili, quindi vanno mandati in fonderia)",5
kxtpfru,1bulhj9,32,Elegant_Link4222,DocKuro,"La Germania √® un pessimo esempio, siccome √® tornata a riutilizzare le centrali a carbone, grande idea quella di abbandonare il nucleare mi dicono",4
kxurjhi,1bulhj9,24,TightlyProfessional,Dark_Ansem,"Ah, gli ultimi report.",-1
kxtmljy,1bulhj9,24,TightlyProfessional,Dark_Ansem,Hai 16 anni?,0
kxtmjzt,1bulhj9,24,TightlyProfessional,02Tom,Perch√© quando stampi all‚Äôinfinito il denaro perde valore quindi √® come non aver stampato affatto.,1
kxtivbj,1bulhj9,5,Alex_Cheese94,davidevernizzi,"Scusa ma perche non vai a fare il pippone su reddit India, USA o Cina ? L'Europa √® il continente piu green in assoluto, tra qualche anno le auto a benzina saranno vietate, gli edifici con classe energetica bassa sono costretti per legge a diventare green, abbiamo il 90% di raccolta differenziata, qualsiasi parco o bosco √® area protetta, ogni giorno a qualsiasi ora i media parlano di ambiente e cambiamento climatico. Cosa vuoi di pi√π esattamente da noi?  Oltre a questo che stiamo gia facendo diventa puro fanatismo religioso.",3
kxthdex,1bulhj9,5,Alex_Cheese94,davidevernizzi,Non vedo nella tua lista che il nostro Paese ha uno dei salari piu bassi in EU e il costo della vita tra i piu alti.. sei mantenuto dai genitori vero?,5
kxth9c7,1bulhj9,5,Alex_Cheese94,Dangerous-Practice-6,Esatto. Chi ha da pagare mutuo e bollette non ha tempo di avere l'eco-ansia che √® spesso roba da ragazzini mantenuti dai genitori,5
kxxc2wp,1bulhj9,61,zenotds,clonea85m09,E con fonti rinnovabili si intende il nucleare. Dobbiamo costruire centrali nucleari a manetta. Solare e eolico non contano un cazzo. Non /s,1
kxvebla,1bulhj9,36,Hrontor,kiodos,"Quella sui minori consumo delle auto a combustione interna rispetto alle auto elettriche √® una fesseria bella e buona.

Per produrre benzina devi usare elettricit√† (e non poca). Poi devi usare gasolio, anch'esso prodotto usando elettricit√†, per trasportare la benzina al distributore dove andrai a fare il pieno.

Con l'elettrico produci nel punto A e ricarichi nel punto B con perdite nell'ordine dello zerovirgola percento nel tragitto.

Inoltre, macchine di 20-30 anni fa con la cura che ne ha l'utente medio inquinano tantissimo, altro che contribuire all'ambiente. O li vedo solo io quei diesel vecchi una quindicina d'anni scarsi che buttano fuori fumo nero come il carbone? 

Di una centrale elettrica, per vari motivi, √® molto pi√π facile tenere sotto controllo le emissioni, rispetto a quelle di milioni di motori in giro.

Senza contare la vivibilit√† delle citt√† in senso molto pi√π stretto, con solo auto elettriche non avresti gas di scarico, quindi molto meno smog da respirare quando sei a spasso.",0
kxuomnt,1bulhj9,64,preputio_temporum,Ok_Following_3104,"> Eimini 1000 imprenditori multimiliardari

> Improvvisamente 100 milioni di manager, ingegneri, architetti, programmatori non sanno pi√π come si lavora

Does not compute",2
kxuhh0t,1bulhj9,64,preputio_temporum,Ok_Following_3104,"![gif](giphy|12gxeCI1BGKAj6)

Basta usarla meno di 1000 volte e abbiamo risolto met√† dei problemi di distribuzione al mondo",4
kxulv2g,1bulhj9,32,GioAran,Krist794,Un'ottima metafora.,1
kxto7lq,1bulhj9,32,Drexer_,BetterUseFakeAccount,"Il problema √® proprio questo, siamo passati dal mangiare la carne 2-3 volte a settimana a praticamente ogni giorno",7
kxvl1x2,1bulhj9,32,Masterdrugs,BetterUseFakeAccount,Io la mangio 1 volta a settimana la carne ma mi sa che morir√≤ come tutti gli altri,1
kxtva3w,1bulhj9,32,Maleficent_Rub_309,T_JaM_T,Il fenomeno di compattazione e successivo scorrimento in punti pi√π bassi dell‚Äôacqua √® dovuto anche a tecniche di coltivazione errate (es. aratura profonda e ribaltamento del terreno),4
kxtovho,1bulhj9,32,capp_head,_samux_,Hai ragione allora moriamoci ci sta,10
kxtwgab,1bulhj9,32,Biowolf87,Il_Dordollano,Mi sembra che tu stia suggerendo che tornare al medioevo sia una forma di progressismo...,1
kxtjln7,1bulhj9,86,Madeche,02Tom,"l'America durante la pandemia ha praticamente finito la riserva di carta per quanti soldi ha stampato. L'abbiamo sempre fatto, guarda il debito pubblico, √® solo che quei soldi non sono andati a te.",6
kxu3zzq,1bulhj9,86,Madeche,micheeeeloone,"S√¨ il dollaro √® il nuovo standard, ragione per cui (teoricamente) l'America rischia anche pi√π di noi. Un sorpasso dello yuan sarebbe una cosa catastrofica per loro, e basta qualche errore di calcolo, come √® successo agli inglesi e agli olandesi prima di loro. 

Cmq noi non siamo un paesello da niente, ce ne sono di misure per evitare la bancarotta pesante stile Grecia, e non √® che usiamo la lira, siamo coperti dall'Euro e dalla BCE ma il nostro debito pubblico √® qualcosa di mostruoso proprio perch√© abbiamo ""stampato"" soldi (leggasi chiesto alla BCE) senza avere un ritorno, mangiati da chiss√† chi.

Mi sembra un discorso totalmente inutile in ogni caso. Per il cambiamento climatico abbiamo due ministri (ambiente e trasporti) convinti che siano ""cicli"", ci scherzano sopra, e per loro nulla √® attribuibile all'uomo; l'ESA e ogni altro dipartimento di ricerca climatico dicono solo fuffa, abbiamo Salvini che ""legge un po' di storia"" e sa che i ghiacciai non si sciolgono perch√© gira col SUV.

Scusa in anticipo per il rant.

Per l'inquinamento e il livello di corruzione che c'√® dietro hai a disposizione km di articoli e documentari, la plastica nessuno √® riuscito a fermarla dagli anni '80, un macello pieno di propaganda (in particolare blame shifting) e mazzette. 


L'America ha detto per anni che il gas metano √® un passo verso il rinnovabile, ma non solo non √® vero (il metano √® molto inquinante) nel 2021 escono fuori delle osservazioni tramite satellite e i loro giacimenti di metano ne emettono tonnellate nell'atmosfera ma visto che sono autoregolati, dobbiamo solo ""fidarci"" dei loro report. 

Vogliamo parlare dei rifiuti di tutti i giorni e dove vanno a finire? Basta dire che abbiamo la terra dei fuochi, che abbiamo inquinato l'Algeria (reporter sono morti cercando di fare luce su questo), non ci sono posti per riciclare efficacemente i vari tipi di plastica, continuiamo a darla all'India, Bangladesh etc e loro sono sommersi da questa valanga di plastica. Perch√©? Perch√© nessun politico in tutto il mondo ha mai avuto il coraggio di dire ""ora solo questi tipi di plastica entreranno nel paese, e in ogni regione avremo siti per riciclarla tutta"", visto che proprio non possiamo eliminarla.

Le banche italiane sono tra i maggiori investitori nei combustibili fossili pur sventolando bandiere green, in America la Exxon ha uno scandalo ogni due mesi, √® uscito fuori un ""piano"" degli emirati di costringere l'africa a diventare dipendente dal petrolio piuttosto che costruire infrastrutture per energia rinnovabile. Davvero c'√® una lista enorme di cose immorali e illegali fatte negli anni da gente a cui frega solo dei soldi. Il bello √® che gran parte √® anche alla luce del sole ma non sembra creare scandali.",1
kxtp22w,1bulhj9,86,Madeche,micheeeeloone,"""difficilmente ne subir√† le conseguenze"" lol ma su che base... Cmq cosa credi sia il debito pubblico? l'Italia negli ultimi 30 anni si √® basata sul ""ma sticazzi stampiamo soldi"", miliardo pi√π miliardo meno dalla banca centrale ed √® fatta.",0
kxtwcb3,1bulhj9,36,Ambrogio_2,ElleOsel997,"Assolutamente, sono anche d'accordo sul limitare in qualche modo il nostro stile di vita ma parlo di limitare l'eccesso, non di andare a vedere il pelo nell'uovo di ogni singola persona, un esempio √®, quando sono pieno di vestiti in ottime condizioni, al posto di comprarne di nuovi indosso quelli (non penso che uccida nessuno non avere vestiti alla moda ogni giorno dell'anno), cercare di non usare la macchina quando √® possibile avere alternative ad es. Farsi un bel giro in bici e altre cose simili, non sono invece d'accordo sul divieto di circolazione per macchine eurocazzi, cosa che andrebbe pi√π che bene se qualcuno ti comprasse un'altra macchina ma non succede",2
kxtvmhy,1bulhj9,36,Ambrogio_2,ElleOsel997,"Traduco in termini semplici quello che sta dicendo l'altro utente, tiene in considerazione una disparit√† abissale di inquinamento tra noi persone comuni e i super ricchi, gira questa notizia che l'1% dei ricchi inquini pi√π dei 2/3 delle persone presenti sul globo e per quanto possa essere generalizzato e poco attendibile, pi√π o meno si parla di cifre simili, ci√≤ significa che se tutte le persone (eccetto ricchi e le associate multinazionali) smettessero di inquinare totalmente, avremmo comunque il problema",12
kxuygrg,1bulhj9,32,nyar_182,robnet77,"Spoiler: un singolo avocado richiede circa 5 litri, paragonato alla carne √® poco",1
ky4o4ht,1bulhj9,32,nyar_182,ImpressiveCourage466,"Per produrre 100g di manzo, che sono circa 290 kcal servono 1500 litri di acqua. Un avocado che √® circa 250 kcal ha bisogno di 5 litri di acqua. Quindi il paragone √® ridicolo. Prova ora a sostituire l'avocado con cibi vegetale pi√π comuni e nutrienti come riso e legumi, e metti in conto anche le emissioni di metano e co2. I miei conti sono approssimativi ma ne trovi a centinaia online",1
kxug37k,1bulhj9,32,Dajmoj,Norel19,Ci si guadagnerebbe anche in termini di produzione elettrica,2
kxvo5wd,1bulhj9,32,romanissimo,AndreaLuke,Guarda che l‚Äôinquinamento dell‚Äôambiente in Africa e Cina √® dovuto alla globalizzazione (cio√® lo sfruttamento di mano d‚Äôopera a basso costo approfittandosi della mancanza di leggi su ambiente e lavoro) non necessariamente alla tecnologia (produzione di batterie).,0
kxu04fk,1bulhj9,86,micheeeeloone,Madeche,"Evidentemente sai anche meno del poco che so io. 

Essendo l'economia ""leader"", la moneta americana, il dollaro, √® la valuta rifugio. Questo perch√© la maggior parte degli altri stati fa affari con gli usa e le transazioni sono in dollari. Per questo non corrono gli stessi rischi che l'Italia, e in generale paesi pi√π piccoli, corrono stampando moneta.",1
kxtlwlx,1bulhj9,86,micheeeeloone,Madeche,L'america pu√≤ perch√© essendo l'economia leader difficilmente ne subir√† le conseguenze. L'italia meno.,0
kxti9b9,1bulhj9,32,MrPinguinoEUW,Fergus74,"Non per essere cinici, ma ha ragione: gi√† una popolazione di 1 milione di persone basta e avanza per evitare problemi genetici...",7
kxu9scj,1bulhj9,32,MrPinguinoEUW,Expert_Owl_2109,"Perch√© stronzi? √à un dato di fatto che siamo troppi e consumiamo troppe risorse. Se ci fosse una gestione senza sprechi di tutto forse sarebbe possibile mantenere la popolazione attuale, ma senza aumenti. Invece il capitalismo sfrenato porta a produrre e buttare, creando prodotti senza creare valore e sprecando risorse preziose.",1
kxtomty,1bulhj9,32,MrPinguinoEUW,DocKuro,"Sono due cose distinte: un milione basta per la sopravvivenza della SPECIE, diverso √® il mantenimento di uno stile di vita. Che poi √® un problema da primo mondo: miliardi di persone vivono con livelli tecnologici molto pi√π bassi senza troppi problemi.",2
kxtl6id,1bulhj9,32,IlBo0,VamosAlaPlaya75,"Intende che era un commento ironico/sarcastico, perch√® qualcuno si inalberasse e gli rispondesse. Cosa che secondo me √® abbastanza noiosa oramai nel 2024, tanto pi√π che online ste cose non fanno troppo ridere, il sarcasmo e l'ironia sono molto meglio esercitati dal vivo, con risultati migliori. Fare incazzare un amico con un commento a caso mentre parla seriamente fa spaccare.",2
kxtygrh,1bulhj9,36,VenetoAstemio,Ambrogio_2,">l'1% dei ricchi inquini pi√π dei 2/3 delle persone presenti sul globo

Si, quello pi√π povero.

Alla fine, circa il 50% delle risorse e quindi dell'inquinamento, √® prodotto dal 10% della popolazione che sta meglio. E come hai detto te, possiamo anche decurtare del capo l'1%, o anche il 10% pi√π ricco se √® per quello, il problema rimane comunque.",3
ky2v8u6,1bulhj9,32,de_kommaneuker,ImpressiveCourage466,Non √® quello che intendevo dire. Io critico la retorica che prevede che ai tempi dei nostri nonni si mangiasse meglio. Pure i vegani mangiano pi√π sano e pi√π vario dei nostri nonni.,1
kxugpzb,1bulhj9,32,de_kommaneuker,BetterUseFakeAccount,"I nostri nonni per√≤ morivano di fame, non √® un buon paragone.",1
kxtmftz,1bulhj9,32,SavingsManager3850,Dylan_Cane,Vai a vedere i report sulla Land Degradation Neutrality. Ti si aprir√† un mondo. O sul consumo di suolo dell‚Äôispra,2
kxudqdr,1bulhj9,32,Rough-Confidence-232,sourfuture,"Ho letto poco fa un tuo post dove facevi domande riguardo il lavorare nella catena ""La Piadineria"". E' di un anno fa, ma alla fine com'√© andata?",1
l10irf7,1bulhj9,32,umbertocsaba,sourfuture,Anch'io sono curiosa!!,1
