post_id,debate_group,sentiment,emotion
1bulhj9,1,negative,anger
1bulhj9,2,negative,anger
1bulhj9,3,negative,anger
1bulhj9,4,positive,fear
1bulhj9,5,negative,fear
1bulhj9,6,neutral,anger
1bulhj9,7,positive,anger
1bulhj9,8,negative,anger
1b6cg4q,9,negative,anger
1b6cg4q,10,negative,anger
1b6cg4q,11,negative,anger
1b6cg4q,12,negative,anger
1b6cg4q,13,negative,sadness
1b6cg4q,14,negative,anger
1d5h5h6,15,negative,anger
1d5h5h6,16,negative,anger
1d5h5h6,17,neutral,fear
1d5h5h6,18,negative,anger
1d5h5h6,19,negative,anger
1d5h5h6,20,negative,anger
17z2hci,21,negative,anger
17z2hci,22,negative,anger
17z2hci,23,negative,anger
197vo6o,24,negative,anger
197vo6o,25,negative,anger
197vo6o,26,negative,anger
197vo6o,27,negative,anger
19aeo2k,28,positive,joy
19aeo2k,29,positive,joy
19aeo2k,30,neutral,sadness
19aeo2k,31,positive,joy
19aeo2k,32,positive,joy
19aeo2k,33,neutral,joy
19aeo2k,34,positive,joy
1cwqkqe,35,positive,anger
1cwqkqe,36,negative,anger
1cwqkqe,37,negative,fear
10v8sey,38,negative,anger
10v8sey,39,negative,anger
10v8sey,40,negative,anger
10v8sey,41,negative,anger
10v8sey,42,neutral,anger
10v8sey,43,negative,anger
17lese9,44,negative,anger
17lese9,45,negative,anger
