comment_id,post_id,debate_group,comment_user_name,commented_user_name,comment_body,comment_score,preprocessed_comment,BERT,FEEL,sentiment_pos,sentiment_neg
ki3k2mh,197vo6o,1,SurprysE,Odd_Sentence_2618,"BOIA SI! Basta guardare da dove sono registrati gli account di provenienza, strano che la Ferragni vada molto in India (all'epoca quando scoprii questa cosa).",11,BOIA SI bastare guardare registrato account provenienza strano Ferragni andare molto India a il epoca quando scoprii cosa,sentiment_neut,positive,,
ki5i0gd,197vo6o,1,SurprysE,the_white_cloud,"Non fa una grinza, ma metti in movimento il tuo profilo rendendolo più appetibile all'algoritmo in modo da portarlo più su nei contenuti che quotidianamente vedi.",1,non fare grinza metti movimento profilo rendendolo più appetibile a il algoritmo modo portare lo più contenuto quotidianamente vedere,sentiment_neut,positive,,
ki4y2a5,197vo6o,1,SurprysE,the_white_cloud,"Sono bot che fanno un minimo di attività per evitare di essere bannati dalla piattaforma,",1,essere bot minimo attività evitare essere bannare piattaforma,sentiment_neut,positive,,
ki3r883,197vo6o,1,theseawillclaim,zombilives,"Ma immagino, anche il suo brand è sempre in rosso (nonostante i negozi in centro città e posti strategici), e non riesco a capire perché qualcuno dovrebbe comprare una pizza surgelata (prodotto a caso, ma nemmeno troppo distante da quelli che lei ha promosso) giusto perché c’è il suo nome sopra. (A meno che non si metta in mezzo la beneficenza, ma qui…)",12,ma immagare Brand sempre rosso nonostante negozio centro città posto strategico non riesco capire qualcuno dovere comprare pizza surgelato produrre caso nemmeno troppo distante promuovere giusto ’ nome sopra A meno non mettere mezzo beneficenza qui …,sentiment_neut,negative,,
ki3jhkw,197vo6o,2,Polaroid1793,TURBINEFABRIK74," Non ho mai visto una persona in vita mia cambiare idea perché Chiara Ferragni ha detto qualcosa. Secondo me la state sopravvalutando enormemente. Poi, lungi da me dal difenderla, ma sulla tv pubblica vedi talmente tanta merda che la Ferragni è l'ultima delle cose di cui indignarsi.",3,non mai vedere persona vita cambiare idea Chiara Ferragni dire qualcosa Secondo me stare sopravvalutare enormemente poi lungi me difendere lo tv pubblico vedere talmente tanto merda Ferragni il ultimo cosa indignare si,sentiment_neut,negative,,
ki3rgah,197vo6o,1,zombilives,theseawillclaim,"ma infatti è quello che dico io, è allucinante quanti polli ci siano e come questa gente ci guadagni da paura, per poi pontificare dall'alto dei 20 milioni all'anno più tutto quello che già hanno su migranti , su parità e cazzate del genere",6,infatti dire allucinante pollo gente guadagnare paurare poi pontificare da il alto 20 milione a il anno più già migrante parità cazzare genere,sentiment_neut,negative,,
ki3pxf1,197vo6o,1,zombilives,theseawillclaim,infatti se ricordo bene la collaborazione della signora con Tods mi pare non sia servita a nulla anche se era pompata a mille dai giornali...,8,infatti ricordare bene collaborazione signore Tods parere non servitare nulla pompare mille giornale ...,sentiment_neut,positive,,
ki3pi87,197vo6o,1,zombilives,David0ne86,vero o LMAO,2,vero LMAO,sentiment_neut,positive,,
ki3pfur,197vo6o,1,zombilives,SuperCrazyAlbatross,ma tanto tutte le cose stile charity non vanno mai a finire in beneficenza su internet.. basta il caso creator clash (idubbz e anisah) e the completionist( jirard),1,tanto tutto cosa stile charity non andare mai finire beneficenza internet .. bastare caso creator clash idubbz anisah the completionist Jirard,sentiment_neut,positive,,
ki3porw,197vo6o,1,zombilives,Lassemb,e si lei e il marito fanno i comunisti col richard mille,7,marito comunista richard mille,sentiment_neut,positive,0.9897391200065613,0.005372736603021622
